# hostname;interval;timestamp;DEV;tps;rd_sec/s;wr_sec/s;avgrq-sz;avgqu-sz;await;svctm;%util
ip-10-227-0-12.us-west-1.compute.internal;60;1439877063;xvda;2289.12;1250.86;575743.93;252.06;59.87;26.16;0.24;55.72
ip-10-227-0-12.us-west-1.compute.internal;60;1439877063;xvdb;0.00;0.00;0.00;0.00;0.00;0.00;0.00;0.00
ip-10-227-0-12.us-west-1.compute.internal;60;1439877063;xvdc;0.00;0.00;0.00;0.00;0.00;0.00;0.00;0.00
ip-10-227-0-12.us-west-1.compute.internal;60;1439877063;xvdd;0.00;0.00;0.00;0.00;0.00;0.00;0.00;0.00
ip-10-227-0-12.us-west-1.compute.internal;60;1439877063;xvde;0.00;0.00;0.00;0.00;0.00;0.00;0.00;0.00
ip-10-227-0-12.us-west-1.compute.internal;60;1439877063;xvdf;0.00;0.00;0.00;0.00;0.00;0.00;0.00;0.00
ip-10-227-0-12.us-west-1.compute.internal;60;1439877063;xvdg;0.00;0.00;0.00;0.00;0.00;0.00;0.00;0.00
ip-10-227-0-12.us-west-1.compute.internal;60;1439877063;xvdh;0.00;0.00;0.00;0.00;0.00;0.00;0.00;0.00
ip-10-227-0-12.us-west-1.compute.internal;60;1439877063;xvdi;0.00;0.00;0.00;0.00;0.00;0.00;0.00;0.00
ip-10-227-0-12.us-west-1.compute.internal;60;1439877123;xvda;2272.67;0.00;576570.83;253.70;77.67;34.15;0.26;59.93
ip-10-227-0-12.us-west-1.compute.internal;60;1439877123;xvdb;0.00;0.00;0.00;0.00;0.00;0.00;0.00;0.00
ip-10-227-0-12.us-west-1.compute.internal;60;1439877123;xvdc;0.00;0.00;0.00;0.00;0.00;0.00;0.00;0.00
ip-10-227-0-12.us-west-1.compute.internal;60;1439877123;xvdd;0.00;0.00;0.00;0.00;0.00;0.00;0.00;0.00
ip-10-227-0-12.us-west-1.compute.internal;60;1439877123;xvde;0.00;0.00;0.00;0.00;0.00;0.00;0.00;0.00
ip-10-227-0-12.us-west-1.compute.internal;60;1439877123;xvdf;0.00;0.00;0.00;0.00;0.00;0.00;0.00;0.00
ip-10-227-0-12.us-west-1.compute.internal;60;1439877123;xvdg;0.00;0.00;0.00;0.00;0.00;0.00;0.00;0.00
ip-10-227-0-12.us-west-1.compute.internal;60;1439877123;xvdh;0.00;0.00;0.00;0.00;0.00;0.00;0.00;0.00
ip-10-227-0-12.us-west-1.compute.internal;60;1439877123;xvdi;0.00;0.00;0.00;0.00;0.00;0.00;0.00;0.00
ip-10-227-0-12.us-west-1.compute.internal;60;1439877183;xvda;2062.05;0.00;522983.53;253.62;66.32;32.16;0.27;55.43
ip-10-227-0-12.us-west-1.compute.internal;60;1439877183;xvdb;0.00;0.00;0.00;0.00;0.00;0.00;0.00;0.00
ip-10-227-0-12.us-west-1.compute.internal;60;1439877183;xvdc;0.00;0.00;0.00;0.00;0.00;0.00;0.00;0.00
ip-10-227-0-12.us-west-1.compute.internal;60;1439877183;xvdd;0.00;0.00;0.00;0.00;0.00;0.00;0.00;0.00
ip-10-227-0-12.us-west-1.compute.internal;60;1439877183;xvde;0.00;0.00;0.00;0.00;0.00;0.00;0.00;0.00
ip-10-227-0-12.us-west-1.compute.internal;60;1439877183;xvdf;0.00;0.00;0.00;0.00;0.00;0.00;0.00;0.00
ip-10-227-0-12.us-west-1.compute.internal;60;1439877183;xvdg;0.00;0.00;0.00;0.00;0.00;0.00;0.00;0.00
ip-10-227-0-12.us-west-1.compute.internal;60;1439877183;xvdh;0.00;0.00;0.00;0.00;0.00;0.00;0.00;0.00
ip-10-227-0-12.us-west-1.compute.internal;60;1439877183;xvdi;0.00;0.00;0.00;0.00;0.00;0.00;0.00;0.00
ip-10-227-0-12.us-west-1.compute.internal;60;1439877243;xvda;1867.70;0.00;473470.58;253.50;54.10;28.97;0.25;47.42
ip-10-227-0-12.us-west-1.compute.internal;60;1439877243;xvdb;0.00;0.00;0.00;0.00;0.00;0.00;0.00;0.00
ip-10-227-0-12.us-west-1.compute.internal;60;1439877243;xvdc;0.00;0.00;0.00;0.00;0.00;0.00;0.00;0.00
ip-10-227-0-12.us-west-1.compute.internal;60;1439877243;xvdd;0.00;0.00;0.00;0.00;0.00;0.00;0.00;0.00
ip-10-227-0-12.us-west-1.compute.internal;60;1439877243;xvde;0.00;0.00;0.00;0.00;0.00;0.00;0.00;0.00
ip-10-227-0-12.us-west-1.compute.internal;60;1439877243;xvdf;0.00;0.00;0.00;0.00;0.00;0.00;0.00;0.00
ip-10-227-0-12.us-west-1.compute.internal;60;1439877243;xvdg;0.00;0.00;0.00;0.00;0.00;0.00;0.00;0.00
ip-10-227-0-12.us-west-1.compute.internal;60;1439877243;xvdh;0.00;0.00;0.00;0.00;0.00;0.00;0.00;0.00
ip-10-227-0-12.us-west-1.compute.internal;60;1439877243;xvdi;0.00;0.00;0.00;0.00;0.00;0.00;0.00;0.00
ip-10-227-0-12.us-west-1.compute.internal;60;1439877303;xvda;1711.27;0.00;433046.12;253.06;39.61;23.16;0.22;38.15
ip-10-227-0-12.us-west-1.compute.internal;60;1439877303;xvdb;0.00;0.00;0.00;0.00;0.00;0.00;0.00;0.00
ip-10-227-0-12.us-west-1.compute.internal;60;1439877303;xvdc;0.00;0.00;0.00;0.00;0.00;0.00;0.00;0.00
ip-10-227-0-12.us-west-1.compute.internal;60;1439877303;xvdd;0.00;0.00;0.00;0.00;0.00;0.00;0.00;0.00
ip-10-227-0-12.us-west-1.compute.internal;60;1439877303;xvde;0.00;0.00;0.00;0.00;0.00;0.00;0.00;0.00
ip-10-227-0-12.us-west-1.compute.internal;60;1439877303;xvdf;0.00;0.00;0.00;0.00;0.00;0.00;0.00;0.00
ip-10-227-0-12.us-west-1.compute.internal;60;1439877303;xvdg;0.00;0.00;0.00;0.00;0.00;0.00;0.00;0.00
ip-10-227-0-12.us-west-1.compute.internal;60;1439877303;xvdh;0.00;0.00;0.00;0.00;0.00;0.00;0.00;0.00
ip-10-227-0-12.us-west-1.compute.internal;60;1439877303;xvdi;0.00;0.00;0.00;0.00;0.00;0.00;0.00;0.00
ip-10-227-0-12.us-west-1.compute.internal;60;1439877363;xvda;1897.42;0.00;482088.23;254.08;71.08;37.50;0.29;54.18
ip-10-227-0-12.us-west-1.compute.internal;60;1439877363;xvdb;0.00;0.00;0.00;0.00;0.00;0.00;0.00;0.00
ip-10-227-0-12.us-west-1.compute.internal;60;1439877363;xvdc;0.00;0.00;0.00;0.00;0.00;0.00;0.00;0.00
ip-10-227-0-12.us-west-1.compute.internal;60;1439877363;xvdd;0.00;0.00;0.00;0.00;0.00;0.00;0.00;0.00
ip-10-227-0-12.us-west-1.compute.internal;60;1439877363;xvde;0.00;0.00;0.00;0.00;0.00;0.00;0.00;0.00
ip-10-227-0-12.us-west-1.compute.internal;60;1439877363;xvdf;0.00;0.00;0.00;0.00;0.00;0.00;0.00;0.00
ip-10-227-0-12.us-west-1.compute.internal;60;1439877363;xvdg;0.00;0.00;0.00;0.00;0.00;0.00;0.00;0.00
ip-10-227-0-12.us-west-1.compute.internal;60;1439877363;xvdh;0.00;0.00;0.00;0.00;0.00;0.00;0.00;0.00
ip-10-227-0-12.us-west-1.compute.internal;60;1439877363;xvdi;0.00;0.00;0.00;0.00;0.00;0.00;0.00;0.00
ip-10-227-0-12.us-west-1.compute.internal;60;1439877423;xvda;1913.43;0.00;488220.08;255.15;93.68;48.96;0.33;63.27
ip-10-227-0-12.us-west-1.compute.internal;60;1439877423;xvdb;0.00;0.00;0.00;0.00;0.00;0.00;0.00;0.00
ip-10-227-0-12.us-west-1.compute.internal;60;1439877423;xvdc;0.00;0.00;0.00;0.00;0.00;0.00;0.00;0.00
ip-10-227-0-12.us-west-1.compute.internal;60;1439877423;xvdd;0.00;0.00;0.00;0.00;0.00;0.00;0.00;0.00
ip-10-227-0-12.us-west-1.compute.internal;60;1439877423;xvde;0.00;0.00;0.00;0.00;0.00;0.00;0.00;0.00
ip-10-227-0-12.us-west-1.compute.internal;60;1439877423;xvdf;0.00;0.00;0.00;0.00;0.00;0.00;0.00;0.00
ip-10-227-0-12.us-west-1.compute.internal;60;1439877423;xvdg;0.00;0.00;0.00;0.00;0.00;0.00;0.00;0.00
ip-10-227-0-12.us-west-1.compute.internal;60;1439877423;xvdh;0.00;0.00;0.00;0.00;0.00;0.00;0.00;0.00
ip-10-227-0-12.us-west-1.compute.internal;60;1439877423;xvdi;0.00;0.00;0.00;0.00;0.00;0.00;0.00;0.00
ip-10-227-0-12.us-west-1.compute.internal;60;1439877483;xvda;1230.12;0.00;312735.85;254.23;35.40;28.78;0.24;29.95
ip-10-227-0-12.us-west-1.compute.internal;60;1439877483;xvdb;0.00;0.00;0.00;0.00;0.00;0.00;0.00;0.00
ip-10-227-0-12.us-west-1.compute.internal;60;1439877483;xvdc;0.00;0.00;0.00;0.00;0.00;0.00;0.00;0.00
ip-10-227-0-12.us-west-1.compute.internal;60;1439877483;xvdd;0.00;0.00;0.00;0.00;0.00;0.00;0.00;0.00
ip-10-227-0-12.us-west-1.compute.internal;60;1439877483;xvde;0.00;0.00;0.00;0.00;0.00;0.00;0.00;0.00
ip-10-227-0-12.us-west-1.compute.internal;60;1439877483;xvdf;0.00;0.00;0.00;0.00;0.00;0.00;0.00;0.00
ip-10-227-0-12.us-west-1.compute.internal;60;1439877483;xvdg;0.00;0.00;0.00;0.00;0.00;0.00;0.00;0.00
ip-10-227-0-12.us-west-1.compute.internal;60;1439877483;xvdh;0.00;0.00;0.00;0.00;0.00;0.00;0.00;0.00
ip-10-227-0-12.us-west-1.compute.internal;60;1439877483;xvdi;0.00;0.00;0.00;0.00;0.00;0.00;0.00;0.00
ip-10-227-0-12.us-west-1.compute.internal;60;1439877543;xvda;1055.17;0.00;267939.75;253.93;26.08;24.72;0.22;23.13
ip-10-227-0-12.us-west-1.compute.internal;60;1439877543;xvdb;0.00;0.00;0.00;0.00;0.00;0.00;0.00;0.00
ip-10-227-0-12.us-west-1.compute.internal;60;1439877543;xvdc;0.00;0.00;0.00;0.00;0.00;0.00;0.00;0.00
ip-10-227-0-12.us-west-1.compute.internal;60;1439877543;xvdd;0.00;0.00;0.00;0.00;0.00;0.00;0.00;0.00
ip-10-227-0-12.us-west-1.compute.internal;60;1439877543;xvde;0.00;0.00;0.00;0.00;0.00;0.00;0.00;0.00
ip-10-227-0-12.us-west-1.compute.internal;60;1439877543;xvdf;0.00;0.00;0.00;0.00;0.00;0.00;0.00;0.00
ip-10-227-0-12.us-west-1.compute.internal;60;1439877543;xvdg;0.00;0.00;0.00;0.00;0.00;0.00;0.00;0.00
ip-10-227-0-12.us-west-1.compute.internal;60;1439877543;xvdh;0.00;0.00;0.00;0.00;0.00;0.00;0.00;0.00
ip-10-227-0-12.us-west-1.compute.internal;60;1439877543;xvdi;0.00;0.00;0.00;0.00;0.00;0.00;0.00;0.00
ip-10-227-0-12.us-west-1.compute.internal;60;1439877603;xvda;1076.30;0.00;273402.48;254.02;24.35;22.57;0.21;22.23
ip-10-227-0-12.us-west-1.compute.internal;60;1439877603;xvdb;0.00;0.00;0.00;0.00;0.00;0.00;0.00;0.00
ip-10-227-0-12.us-west-1.compute.internal;60;1439877603;xvdc;0.00;0.00;0.00;0.00;0.00;0.00;0.00;0.00
ip-10-227-0-12.us-west-1.compute.internal;60;1439877603;xvdd;0.00;0.00;0.00;0.00;0.00;0.00;0.00;0.00
ip-10-227-0-12.us-west-1.compute.internal;60;1439877603;xvde;0.00;0.00;0.00;0.00;0.00;0.00;0.00;0.00
ip-10-227-0-12.us-west-1.compute.internal;60;1439877603;xvdf;0.00;0.00;0.00;0.00;0.00;0.00;0.00;0.00
ip-10-227-0-12.us-west-1.compute.internal;60;1439877603;xvdg;0.00;0.00;0.00;0.00;0.00;0.00;0.00;0.00
ip-10-227-0-12.us-west-1.compute.internal;60;1439877603;xvdh;0.00;0.00;0.00;0.00;0.00;0.00;0.00;0.00
ip-10-227-0-12.us-west-1.compute.internal;60;1439877603;xvdi;0.00;0.00;0.00;0.00;0.00;0.00;0.00;0.00
ip-10-227-0-12.us-west-1.compute.internal;60;1439877663;xvda;1209.40;0.00;307634.22;254.37;46.66;38.64;0.27;33.26
ip-10-227-0-12.us-west-1.compute.internal;60;1439877663;xvdb;0.00;0.00;0.00;0.00;0.00;0.00;0.00;0.00
ip-10-227-0-12.us-west-1.compute.internal;60;1439877663;xvdc;0.00;0.00;0.00;0.00;0.00;0.00;0.00;0.00
ip-10-227-0-12.us-west-1.compute.internal;60;1439877663;xvdd;0.00;0.00;0.00;0.00;0.00;0.00;0.00;0.00
ip-10-227-0-12.us-west-1.compute.internal;60;1439877663;xvde;0.00;0.00;0.00;0.00;0.00;0.00;0.00;0.00
ip-10-227-0-12.us-west-1.compute.internal;60;1439877663;xvdf;0.00;0.00;0.00;0.00;0.00;0.00;0.00;0.00
ip-10-227-0-12.us-west-1.compute.internal;60;1439877663;xvdg;0.00;0.00;0.00;0.00;0.00;0.00;0.00;0.00
ip-10-227-0-12.us-west-1.compute.internal;60;1439877663;xvdh;0.00;0.00;0.00;0.00;0.00;0.00;0.00;0.00
ip-10-227-0-12.us-west-1.compute.internal;60;1439877663;xvdi;0.00;0.00;0.00;0.00;0.00;0.00;0.00;0.00
ip-10-227-0-12.us-west-1.compute.internal;60;1439877723;xvda;1619.13;0.00;412958.33;255.05;80.50;49.72;0.35;57.27
ip-10-227-0-12.us-west-1.compute.internal;60;1439877723;xvdb;0.00;0.00;0.00;0.00;0.00;0.00;0.00;0.00
ip-10-227-0-12.us-west-1.compute.internal;60;1439877723;xvdc;0.00;0.00;0.00;0.00;0.00;0.00;0.00;0.00
ip-10-227-0-12.us-west-1.compute.internal;60;1439877723;xvdd;0.00;0.00;0.00;0.00;0.00;0.00;0.00;0.00
ip-10-227-0-12.us-west-1.compute.internal;60;1439877723;xvde;0.00;0.00;0.00;0.00;0.00;0.00;0.00;0.00
ip-10-227-0-12.us-west-1.compute.internal;60;1439877723;xvdf;0.00;0.00;0.00;0.00;0.00;0.00;0.00;0.00
ip-10-227-0-12.us-west-1.compute.internal;60;1439877723;xvdg;0.00;0.00;0.00;0.00;0.00;0.00;0.00;0.00
ip-10-227-0-12.us-west-1.compute.internal;60;1439877723;xvdh;0.00;0.00;0.00;0.00;0.00;0.00;0.00;0.00
ip-10-227-0-12.us-west-1.compute.internal;60;1439877723;xvdi;0.00;0.00;0.00;0.00;0.00;0.00;0.00;0.00
ip-10-227-0-12.us-west-1.compute.internal;60;1439877783;xvda;1646.52;0.00;419961.68;255.06;77.89;47.30;0.35;56.95
ip-10-227-0-12.us-west-1.compute.internal;60;1439877783;xvdb;0.00;0.00;0.00;0.00;0.00;0.00;0.00;0.00
ip-10-227-0-12.us-west-1.compute.internal;60;1439877783;xvdc;0.00;0.00;0.00;0.00;0.00;0.00;0.00;0.00
ip-10-227-0-12.us-west-1.compute.internal;60;1439877783;xvdd;0.00;0.00;0.00;0.00;0.00;0.00;0.00;0.00
ip-10-227-0-12.us-west-1.compute.internal;60;1439877783;xvde;0.00;0.00;0.00;0.00;0.00;0.00;0.00;0.00
ip-10-227-0-12.us-west-1.compute.internal;60;1439877783;xvdf;0.00;0.00;0.00;0.00;0.00;0.00;0.00;0.00
ip-10-227-0-12.us-west-1.compute.internal;60;1439877783;xvdg;0.00;0.00;0.00;0.00;0.00;0.00;0.00;0.00
ip-10-227-0-12.us-west-1.compute.internal;60;1439877783;xvdh;0.00;0.00;0.00;0.00;0.00;0.00;0.00;0.00
ip-10-227-0-12.us-west-1.compute.internal;60;1439877783;xvdi;0.00;0.00;0.00;0.00;0.00;0.00;0.00;0.00
ip-10-227-0-12.us-west-1.compute.internal;60;1439877843;xvda;566.42;0.00;143103.68;252.65;12.00;21.20;0.21;12.01
ip-10-227-0-12.us-west-1.compute.internal;60;1439877843;xvdb;0.00;0.00;0.00;0.00;0.00;0.00;0.00;0.00
ip-10-227-0-12.us-west-1.compute.internal;60;1439877843;xvdc;0.00;0.00;0.00;0.00;0.00;0.00;0.00;0.00
ip-10-227-0-12.us-west-1.compute.internal;60;1439877843;xvdd;0.00;0.00;0.00;0.00;0.00;0.00;0.00;0.00
ip-10-227-0-12.us-west-1.compute.internal;60;1439877843;xvde;0.00;0.00;0.00;0.00;0.00;0.00;0.00;0.00
ip-10-227-0-12.us-west-1.compute.internal;60;1439877843;xvdf;0.00;0.00;0.00;0.00;0.00;0.00;0.00;0.00
ip-10-227-0-12.us-west-1.compute.internal;60;1439877843;xvdg;0.00;0.00;0.00;0.00;0.00;0.00;0.00;0.00
ip-10-227-0-12.us-west-1.compute.internal;60;1439877843;xvdh;0.00;0.00;0.00;0.00;0.00;0.00;0.00;0.00
ip-10-227-0-12.us-west-1.compute.internal;60;1439877843;xvdi;0.00;0.00;0.00;0.00;0.00;0.00;0.00;0.00
ip-10-227-0-12.us-west-1.compute.internal;60;1439877903;xvda;917.93;0.00;233290.15;254.15;31.94;34.80;0.28;25.80
ip-10-227-0-12.us-west-1.compute.internal;60;1439877903;xvdb;0.00;0.00;0.00;0.00;0.00;0.00;0.00;0.00
ip-10-227-0-12.us-west-1.compute.internal;60;1439877903;xvdc;0.00;0.00;0.00;0.00;0.00;0.00;0.00;0.00
ip-10-227-0-12.us-west-1.compute.internal;60;1439877903;xvdd;0.00;0.00;0.00;0.00;0.00;0.00;0.00;0.00
ip-10-227-0-12.us-west-1.compute.internal;60;1439877903;xvde;0.00;0.00;0.00;0.00;0.00;0.00;0.00;0.00
ip-10-227-0-12.us-west-1.compute.internal;60;1439877903;xvdf;0.00;0.00;0.00;0.00;0.00;0.00;0.00;0.00
ip-10-227-0-12.us-west-1.compute.internal;60;1439877903;xvdg;0.00;0.00;0.00;0.00;0.00;0.00;0.00;0.00
ip-10-227-0-12.us-west-1.compute.internal;60;1439877903;xvdh;0.00;0.00;0.00;0.00;0.00;0.00;0.00;0.00
ip-10-227-0-12.us-west-1.compute.internal;60;1439877903;xvdi;0.00;0.00;0.00;0.00;0.00;0.00;0.00;0.00
ip-10-227-0-12.us-west-1.compute.internal;60;1439877963;xvda;849.15;0.00;215802.85;254.14;28.03;32.92;0.27;22.86
ip-10-227-0-12.us-west-1.compute.internal;60;1439877963;xvdb;0.00;0.00;0.00;0.00;0.00;0.00;0.00;0.00
ip-10-227-0-12.us-west-1.compute.internal;60;1439877963;xvdc;0.00;0.00;0.00;0.00;0.00;0.00;0.00;0.00
ip-10-227-0-12.us-west-1.compute.internal;60;1439877963;xvdd;0.00;0.00;0.00;0.00;0.00;0.00;0.00;0.00
ip-10-227-0-12.us-west-1.compute.internal;60;1439877963;xvde;0.00;0.00;0.00;0.00;0.00;0.00;0.00;0.00
ip-10-227-0-12.us-west-1.compute.internal;60;1439877963;xvdf;0.00;0.00;0.00;0.00;0.00;0.00;0.00;0.00
ip-10-227-0-12.us-west-1.compute.internal;60;1439877963;xvdg;0.00;0.00;0.00;0.00;0.00;0.00;0.00;0.00
ip-10-227-0-12.us-west-1.compute.internal;60;1439877963;xvdh;0.00;0.00;0.00;0.00;0.00;0.00;0.00;0.00
ip-10-227-0-12.us-west-1.compute.internal;60;1439877963;xvdi;0.00;0.00;0.00;0.00;0.00;0.00;0.00;0.00
ip-10-227-0-12.us-west-1.compute.internal;60;1439878023;xvda;583.92;0.00;147573.15;252.73;13.61;23.45;0.23;13.17
ip-10-227-0-12.us-west-1.compute.internal;60;1439878023;xvdb;0.00;0.00;0.00;0.00;0.00;0.00;0.00;0.00
ip-10-227-0-12.us-west-1.compute.internal;60;1439878023;xvdc;0.00;0.00;0.00;0.00;0.00;0.00;0.00;0.00
ip-10-227-0-12.us-west-1.compute.internal;60;1439878023;xvdd;0.00;0.00;0.00;0.00;0.00;0.00;0.00;0.00
ip-10-227-0-12.us-west-1.compute.internal;60;1439878023;xvde;0.00;0.00;0.00;0.00;0.00;0.00;0.00;0.00
ip-10-227-0-12.us-west-1.compute.internal;60;1439878023;xvdf;0.00;0.00;0.00;0.00;0.00;0.00;0.00;0.00
ip-10-227-0-12.us-west-1.compute.internal;60;1439878023;xvdg;0.00;0.00;0.00;0.00;0.00;0.00;0.00;0.00
ip-10-227-0-12.us-west-1.compute.internal;60;1439878023;xvdh;0.00;0.00;0.00;0.00;0.00;0.00;0.00;0.00
ip-10-227-0-12.us-west-1.compute.internal;60;1439878023;xvdi;0.00;0.00;0.00;0.00;0.00;0.00;0.00;0.00
ip-10-227-0-12.us-west-1.compute.internal;60;1439878083;xvda;568.33;0.00;143979.77;253.34;11.28;19.86;0.20;11.46
ip-10-227-0-12.us-west-1.compute.internal;60;1439878083;xvdb;0.00;0.00;0.00;0.00;0.00;0.00;0.00;0.00
ip-10-227-0-12.us-west-1.compute.internal;60;1439878083;xvdc;0.00;0.00;0.00;0.00;0.00;0.00;0.00;0.00
ip-10-227-0-12.us-west-1.compute.internal;60;1439878083;xvdd;0.00;0.00;0.00;0.00;0.00;0.00;0.00;0.00
ip-10-227-0-12.us-west-1.compute.internal;60;1439878083;xvde;0.00;0.00;0.00;0.00;0.00;0.00;0.00;0.00
ip-10-227-0-12.us-west-1.compute.internal;60;1439878083;xvdf;0.00;0.00;0.00;0.00;0.00;0.00;0.00;0.00
ip-10-227-0-12.us-west-1.compute.internal;60;1439878083;xvdg;0.00;0.00;0.00;0.00;0.00;0.00;0.00;0.00
ip-10-227-0-12.us-west-1.compute.internal;60;1439878083;xvdh;0.00;0.00;0.00;0.00;0.00;0.00;0.00;0.00
ip-10-227-0-12.us-west-1.compute.internal;60;1439878083;xvdi;0.00;0.00;0.00;0.00;0.00;0.00;0.00;0.00
ip-10-227-0-12.us-west-1.compute.internal;60;1439878143;xvda;513.45;0.00;129735.60;252.67;9.50;18.52;0.20;10.08
ip-10-227-0-12.us-west-1.compute.internal;60;1439878143;xvdb;0.00;0.00;0.00;0.00;0.00;0.00;0.00;0.00
ip-10-227-0-12.us-west-1.compute.internal;60;1439878143;xvdc;0.00;0.00;0.00;0.00;0.00;0.00;0.00;0.00
ip-10-227-0-12.us-west-1.compute.internal;60;1439878143;xvdd;0.00;0.00;0.00;0.00;0.00;0.00;0.00;0.00
ip-10-227-0-12.us-west-1.compute.internal;60;1439878143;xvde;0.00;0.00;0.00;0.00;0.00;0.00;0.00;0.00
ip-10-227-0-12.us-west-1.compute.internal;60;1439878143;xvdf;0.00;0.00;0.00;0.00;0.00;0.00;0.00;0.00
ip-10-227-0-12.us-west-1.compute.internal;60;1439878143;xvdg;0.00;0.00;0.00;0.00;0.00;0.00;0.00;0.00
ip-10-227-0-12.us-west-1.compute.internal;60;1439878143;xvdh;0.00;0.00;0.00;0.00;0.00;0.00;0.00;0.00
ip-10-227-0-12.us-west-1.compute.internal;60;1439878143;xvdi;0.00;0.00;0.00;0.00;0.00;0.00;0.00;0.00
ip-10-227-0-12.us-west-1.compute.internal;60;1439878203;xvda;570.83;0.00;144525.55;253.18;12.97;22.73;0.22;12.47
ip-10-227-0-12.us-west-1.compute.internal;60;1439878203;xvdb;0.00;0.00;0.00;0.00;0.00;0.00;0.00;0.00
ip-10-227-0-12.us-west-1.compute.internal;60;1439878203;xvdc;0.00;0.00;0.00;0.00;0.00;0.00;0.00;0.00
ip-10-227-0-12.us-west-1.compute.internal;60;1439878203;xvdd;0.00;0.00;0.00;0.00;0.00;0.00;0.00;0.00
ip-10-227-0-12.us-west-1.compute.internal;60;1439878203;xvde;0.00;0.00;0.00;0.00;0.00;0.00;0.00;0.00
ip-10-227-0-12.us-west-1.compute.internal;60;1439878203;xvdf;0.00;0.00;0.00;0.00;0.00;0.00;0.00;0.00
ip-10-227-0-12.us-west-1.compute.internal;60;1439878203;xvdg;0.00;0.00;0.00;0.00;0.00;0.00;0.00;0.00
ip-10-227-0-12.us-west-1.compute.internal;60;1439878203;xvdh;0.00;0.00;0.00;0.00;0.00;0.00;0.00;0.00
ip-10-227-0-12.us-west-1.compute.internal;60;1439878203;xvdi;0.00;0.00;0.00;0.00;0.00;0.00;0.00;0.00
ip-10-227-0-12.us-west-1.compute.internal;60;1439878263;xvda;525.67;0.00;132755.70;252.55;9.89;18.78;0.20;10.47
ip-10-227-0-12.us-west-1.compute.internal;60;1439878263;xvdb;0.00;0.00;0.00;0.00;0.00;0.00;0.00;0.00
ip-10-227-0-12.us-west-1.compute.internal;60;1439878263;xvdc;0.00;0.00;0.00;0.00;0.00;0.00;0.00;0.00
ip-10-227-0-12.us-west-1.compute.internal;60;1439878263;xvdd;0.00;0.00;0.00;0.00;0.00;0.00;0.00;0.00
ip-10-227-0-12.us-west-1.compute.internal;60;1439878263;xvde;0.00;0.00;0.00;0.00;0.00;0.00;0.00;0.00
ip-10-227-0-12.us-west-1.compute.internal;60;1439878263;xvdf;0.00;0.00;0.00;0.00;0.00;0.00;0.00;0.00
ip-10-227-0-12.us-west-1.compute.internal;60;1439878263;xvdg;0.00;0.00;0.00;0.00;0.00;0.00;0.00;0.00
ip-10-227-0-12.us-west-1.compute.internal;60;1439878263;xvdh;0.00;0.00;0.00;0.00;0.00;0.00;0.00;0.00
ip-10-227-0-12.us-west-1.compute.internal;60;1439878263;xvdi;0.00;0.00;0.00;0.00;0.00;0.00;0.00;0.00
ip-10-227-0-12.us-west-1.compute.internal;60;1439878323;xvda;559.12;0.00;141575.42;253.21;11.57;20.74;0.21;11.72
ip-10-227-0-12.us-west-1.compute.internal;60;1439878323;xvdb;0.00;0.00;0.00;0.00;0.00;0.00;0.00;0.00
ip-10-227-0-12.us-west-1.compute.internal;60;1439878323;xvdc;0.00;0.00;0.00;0.00;0.00;0.00;0.00;0.00
ip-10-227-0-12.us-west-1.compute.internal;60;1439878323;xvdd;0.00;0.00;0.00;0.00;0.00;0.00;0.00;0.00
ip-10-227-0-12.us-west-1.compute.internal;60;1439878323;xvde;0.00;0.00;0.00;0.00;0.00;0.00;0.00;0.00
ip-10-227-0-12.us-west-1.compute.internal;60;1439878323;xvdf;0.00;0.00;0.00;0.00;0.00;0.00;0.00;0.00
ip-10-227-0-12.us-west-1.compute.internal;60;1439878323;xvdg;0.00;0.00;0.00;0.00;0.00;0.00;0.00;0.00
ip-10-227-0-12.us-west-1.compute.internal;60;1439878323;xvdh;0.00;0.00;0.00;0.00;0.00;0.00;0.00;0.00
ip-10-227-0-12.us-west-1.compute.internal;60;1439878323;xvdi;0.00;0.00;0.00;0.00;0.00;0.00;0.00;0.00
ip-10-227-0-12.us-west-1.compute.internal;60;1439878383;xvda;562.63;0.00;142353.65;253.01;11.70;19.12;0.22;12.16
ip-10-227-0-12.us-west-1.compute.internal;60;1439878383;xvdb;0.00;0.00;0.00;0.00;0.00;0.00;0.00;0.00
ip-10-227-0-12.us-west-1.compute.internal;60;1439878383;xvdc;0.00;0.00;0.00;0.00;0.00;0.00;0.00;0.00
ip-10-227-0-12.us-west-1.compute.internal;60;1439878383;xvdd;0.00;0.00;0.00;0.00;0.00;0.00;0.00;0.00
ip-10-227-0-12.us-west-1.compute.internal;60;1439878383;xvde;0.00;0.00;0.00;0.00;0.00;0.00;0.00;0.00
ip-10-227-0-12.us-west-1.compute.internal;60;1439878383;xvdf;0.00;0.00;0.00;0.00;0.00;0.00;0.00;0.00
ip-10-227-0-12.us-west-1.compute.internal;60;1439878383;xvdg;0.00;0.00;0.00;0.00;0.00;0.00;0.00;0.00
ip-10-227-0-12.us-west-1.compute.internal;60;1439878383;xvdh;0.00;0.00;0.00;0.00;0.00;0.00;0.00;0.00
ip-10-227-0-12.us-west-1.compute.internal;60;1439878383;xvdi;0.00;0.00;0.00;0.00;0.00;0.00;0.00;0.00
ip-10-227-0-12.us-west-1.compute.internal;60;1439878443;xvda;522.70;0.00;132318.03;253.14;10.46;21.83;0.21;10.76
ip-10-227-0-12.us-west-1.compute.internal;60;1439878443;xvdb;0.00;0.00;0.00;0.00;0.00;0.00;0.00;0.00
ip-10-227-0-12.us-west-1.compute.internal;60;1439878443;xvdc;0.00;0.00;0.00;0.00;0.00;0.00;0.00;0.00
ip-10-227-0-12.us-west-1.compute.internal;60;1439878443;xvdd;0.00;0.00;0.00;0.00;0.00;0.00;0.00;0.00
ip-10-227-0-12.us-west-1.compute.internal;60;1439878443;xvde;0.00;0.00;0.00;0.00;0.00;0.00;0.00;0.00
ip-10-227-0-12.us-west-1.compute.internal;60;1439878443;xvdf;0.00;0.00;0.00;0.00;0.00;0.00;0.00;0.00
ip-10-227-0-12.us-west-1.compute.internal;60;1439878443;xvdg;0.00;0.00;0.00;0.00;0.00;0.00;0.00;0.00
ip-10-227-0-12.us-west-1.compute.internal;60;1439878443;xvdh;0.00;0.00;0.00;0.00;0.00;0.00;0.00;0.00
ip-10-227-0-12.us-west-1.compute.internal;60;1439878443;xvdi;0.00;0.00;0.00;0.00;0.00;0.00;0.00;0.00
ip-10-227-0-12.us-west-1.compute.internal;60;1439878503;xvda;576.02;0.00;145701.83;252.95;11.72;20.35;0.20;11.47
ip-10-227-0-12.us-west-1.compute.internal;60;1439878503;xvdb;0.00;0.00;0.00;0.00;0.00;0.00;0.00;0.00
ip-10-227-0-12.us-west-1.compute.internal;60;1439878503;xvdc;0.00;0.00;0.00;0.00;0.00;0.00;0.00;0.00
ip-10-227-0-12.us-west-1.compute.internal;60;1439878503;xvdd;0.00;0.00;0.00;0.00;0.00;0.00;0.00;0.00
ip-10-227-0-12.us-west-1.compute.internal;60;1439878503;xvde;0.00;0.00;0.00;0.00;0.00;0.00;0.00;0.00
ip-10-227-0-12.us-west-1.compute.internal;60;1439878503;xvdf;0.00;0.00;0.00;0.00;0.00;0.00;0.00;0.00
ip-10-227-0-12.us-west-1.compute.internal;60;1439878503;xvdg;0.00;0.00;0.00;0.00;0.00;0.00;0.00;0.00
ip-10-227-0-12.us-west-1.compute.internal;60;1439878503;xvdh;0.00;0.00;0.00;0.00;0.00;0.00;0.00;0.00
ip-10-227-0-12.us-west-1.compute.internal;60;1439878503;xvdi;0.00;0.00;0.00;0.00;0.00;0.00;0.00;0.00
ip-10-227-0-12.us-west-1.compute.internal;60;1439878563;xvda;514.53;0.00;130073.02;252.80;10.65;20.71;0.22;11.08
ip-10-227-0-12.us-west-1.compute.internal;60;1439878563;xvdb;0.00;0.00;0.00;0.00;0.00;0.00;0.00;0.00
ip-10-227-0-12.us-west-1.compute.internal;60;1439878563;xvdc;0.00;0.00;0.00;0.00;0.00;0.00;0.00;0.00
ip-10-227-0-12.us-west-1.compute.internal;60;1439878563;xvdd;0.00;0.00;0.00;0.00;0.00;0.00;0.00;0.00
ip-10-227-0-12.us-west-1.compute.internal;60;1439878563;xvde;0.00;0.00;0.00;0.00;0.00;0.00;0.00;0.00
ip-10-227-0-12.us-west-1.compute.internal;60;1439878563;xvdf;0.00;0.00;0.00;0.00;0.00;0.00;0.00;0.00
ip-10-227-0-12.us-west-1.compute.internal;60;1439878563;xvdg;0.00;0.00;0.00;0.00;0.00;0.00;0.00;0.00
ip-10-227-0-12.us-west-1.compute.internal;60;1439878563;xvdh;0.00;0.00;0.00;0.00;0.00;0.00;0.00;0.00
ip-10-227-0-12.us-west-1.compute.internal;60;1439878563;xvdi;0.00;0.00;0.00;0.00;0.00;0.00;0.00;0.00
ip-10-227-0-12.us-west-1.compute.internal;60;1439878623;xvda;571.95;0.00;144902.42;253.35;11.61;20.30;0.20;11.59
ip-10-227-0-12.us-west-1.compute.internal;60;1439878623;xvdb;0.00;0.00;0.00;0.00;0.00;0.00;0.00;0.00
ip-10-227-0-12.us-west-1.compute.internal;60;1439878623;xvdc;0.00;0.00;0.00;0.00;0.00;0.00;0.00;0.00
ip-10-227-0-12.us-west-1.compute.internal;60;1439878623;xvdd;0.00;0.00;0.00;0.00;0.00;0.00;0.00;0.00
ip-10-227-0-12.us-west-1.compute.internal;60;1439878623;xvde;0.00;0.00;0.00;0.00;0.00;0.00;0.00;0.00
ip-10-227-0-12.us-west-1.compute.internal;60;1439878623;xvdf;0.00;0.00;0.00;0.00;0.00;0.00;0.00;0.00
ip-10-227-0-12.us-west-1.compute.internal;60;1439878623;xvdg;0.00;0.00;0.00;0.00;0.00;0.00;0.00;0.00
ip-10-227-0-12.us-west-1.compute.internal;60;1439878623;xvdh;0.00;0.00;0.00;0.00;0.00;0.00;0.00;0.00
ip-10-227-0-12.us-west-1.compute.internal;60;1439878623;xvdi;0.00;0.00;0.00;0.00;0.00;0.00;0.00;0.00
ip-10-227-0-12.us-west-1.compute.internal;60;1439878683;xvda;509.38;0.00;128701.38;252.66;9.70;19.05;0.21;10.67
ip-10-227-0-12.us-west-1.compute.internal;60;1439878683;xvdb;0.00;0.00;0.00;0.00;0.00;0.00;0.00;0.00
ip-10-227-0-12.us-west-1.compute.internal;60;1439878683;xvdc;0.00;0.00;0.00;0.00;0.00;0.00;0.00;0.00
ip-10-227-0-12.us-west-1.compute.internal;60;1439878683;xvdd;0.00;0.00;0.00;0.00;0.00;0.00;0.00;0.00
ip-10-227-0-12.us-west-1.compute.internal;60;1439878683;xvde;0.00;0.00;0.00;0.00;0.00;0.00;0.00;0.00
ip-10-227-0-12.us-west-1.compute.internal;60;1439878683;xvdf;0.00;0.00;0.00;0.00;0.00;0.00;0.00;0.00
ip-10-227-0-12.us-west-1.compute.internal;60;1439878683;xvdg;0.00;0.00;0.00;0.00;0.00;0.00;0.00;0.00
ip-10-227-0-12.us-west-1.compute.internal;60;1439878683;xvdh;0.00;0.00;0.00;0.00;0.00;0.00;0.00;0.00
ip-10-227-0-12.us-west-1.compute.internal;60;1439878683;xvdi;0.00;0.00;0.00;0.00;0.00;0.00;0.00;0.00
ip-10-227-0-12.us-west-1.compute.internal;60;1439878743;xvda;575.80;0.00;145803.05;253.22;12.70;22.06;0.22;12.64
ip-10-227-0-12.us-west-1.compute.internal;60;1439878743;xvdb;0.00;0.00;0.00;0.00;0.00;0.00;0.00;0.00
ip-10-227-0-12.us-west-1.compute.internal;60;1439878743;xvdc;0.00;0.00;0.00;0.00;0.00;0.00;0.00;0.00
ip-10-227-0-12.us-west-1.compute.internal;60;1439878743;xvdd;0.00;0.00;0.00;0.00;0.00;0.00;0.00;0.00
ip-10-227-0-12.us-west-1.compute.internal;60;1439878743;xvde;0.00;0.00;0.00;0.00;0.00;0.00;0.00;0.00
ip-10-227-0-12.us-west-1.compute.internal;60;1439878743;xvdf;0.00;0.00;0.00;0.00;0.00;0.00;0.00;0.00
ip-10-227-0-12.us-west-1.compute.internal;60;1439878743;xvdg;0.00;0.00;0.00;0.00;0.00;0.00;0.00;0.00
ip-10-227-0-12.us-west-1.compute.internal;60;1439878743;xvdh;0.00;0.00;0.00;0.00;0.00;0.00;0.00;0.00
ip-10-227-0-12.us-west-1.compute.internal;60;1439878743;xvdi;0.00;0.00;0.00;0.00;0.00;0.00;0.00;0.00
ip-10-227-0-12.us-west-1.compute.internal;60;1439878803;xvda;509.10;0.00;128684.33;252.77;9.66;18.99;0.20;10.32
ip-10-227-0-12.us-west-1.compute.internal;60;1439878803;xvdb;0.00;0.00;0.00;0.00;0.00;0.00;0.00;0.00
ip-10-227-0-12.us-west-1.compute.internal;60;1439878803;xvdc;0.00;0.00;0.00;0.00;0.00;0.00;0.00;0.00
ip-10-227-0-12.us-west-1.compute.internal;60;1439878803;xvdd;0.00;0.00;0.00;0.00;0.00;0.00;0.00;0.00
ip-10-227-0-12.us-west-1.compute.internal;60;1439878803;xvde;0.00;0.00;0.00;0.00;0.00;0.00;0.00;0.00
ip-10-227-0-12.us-west-1.compute.internal;60;1439878803;xvdf;0.00;0.00;0.00;0.00;0.00;0.00;0.00;0.00
ip-10-227-0-12.us-west-1.compute.internal;60;1439878803;xvdg;0.00;0.00;0.00;0.00;0.00;0.00;0.00;0.00
ip-10-227-0-12.us-west-1.compute.internal;60;1439878803;xvdh;0.00;0.00;0.00;0.00;0.00;0.00;0.00;0.00
ip-10-227-0-12.us-west-1.compute.internal;60;1439878803;xvdi;0.00;0.00;0.00;0.00;0.00;0.00;0.00;0.00
ip-10-227-0-12.us-west-1.compute.internal;60;1439878863;xvda;580.18;0.00;146996.28;253.36;11.29;19.46;0.19;11.20
ip-10-227-0-12.us-west-1.compute.internal;60;1439878863;xvdb;0.00;0.00;0.00;0.00;0.00;0.00;0.00;0.00
ip-10-227-0-12.us-west-1.compute.internal;60;1439878863;xvdc;0.00;0.00;0.00;0.00;0.00;0.00;0.00;0.00
ip-10-227-0-12.us-west-1.compute.internal;60;1439878863;xvdd;0.00;0.00;0.00;0.00;0.00;0.00;0.00;0.00
ip-10-227-0-12.us-west-1.compute.internal;60;1439878863;xvde;0.00;0.00;0.00;0.00;0.00;0.00;0.00;0.00
ip-10-227-0-12.us-west-1.compute.internal;60;1439878863;xvdf;0.00;0.00;0.00;0.00;0.00;0.00;0.00;0.00
ip-10-227-0-12.us-west-1.compute.internal;60;1439878863;xvdg;0.00;0.00;0.00;0.00;0.00;0.00;0.00;0.00
ip-10-227-0-12.us-west-1.compute.internal;60;1439878863;xvdh;0.00;0.00;0.00;0.00;0.00;0.00;0.00;0.00
ip-10-227-0-12.us-west-1.compute.internal;60;1439878863;xvdi;0.00;0.00;0.00;0.00;0.00;0.00;0.00;0.00
ip-10-227-0-12.us-west-1.compute.internal;60;1439878923;xvda;558.05;0.00;141127.48;252.89;12.41;21.05;0.22;12.28
ip-10-227-0-12.us-west-1.compute.internal;60;1439878923;xvdb;0.00;0.00;0.00;0.00;0.00;0.00;0.00;0.00
ip-10-227-0-12.us-west-1.compute.internal;60;1439878923;xvdc;0.00;0.00;0.00;0.00;0.00;0.00;0.00;0.00
ip-10-227-0-12.us-west-1.compute.internal;60;1439878923;xvdd;0.00;0.00;0.00;0.00;0.00;0.00;0.00;0.00
ip-10-227-0-12.us-west-1.compute.internal;60;1439878923;xvde;0.00;0.00;0.00;0.00;0.00;0.00;0.00;0.00
ip-10-227-0-12.us-west-1.compute.internal;60;1439878923;xvdf;0.00;0.00;0.00;0.00;0.00;0.00;0.00;0.00
ip-10-227-0-12.us-west-1.compute.internal;60;1439878923;xvdg;0.00;0.00;0.00;0.00;0.00;0.00;0.00;0.00
ip-10-227-0-12.us-west-1.compute.internal;60;1439878923;xvdh;0.00;0.00;0.00;0.00;0.00;0.00;0.00;0.00
ip-10-227-0-12.us-west-1.compute.internal;60;1439878923;xvdi;0.00;0.00;0.00;0.00;0.00;0.00;0.00;0.00
ip-10-227-0-12.us-west-1.compute.internal;60;1439878983;xvda;522.85;0.00;132339.02;253.11;10.63;21.62;0.21;10.91
ip-10-227-0-12.us-west-1.compute.internal;60;1439878983;xvdb;0.00;0.00;0.00;0.00;0.00;0.00;0.00;0.00
ip-10-227-0-12.us-west-1.compute.internal;60;1439878983;xvdc;0.00;0.00;0.00;0.00;0.00;0.00;0.00;0.00
ip-10-227-0-12.us-west-1.compute.internal;60;1439878983;xvdd;0.00;0.00;0.00;0.00;0.00;0.00;0.00;0.00
ip-10-227-0-12.us-west-1.compute.internal;60;1439878983;xvde;0.00;0.00;0.00;0.00;0.00;0.00;0.00;0.00
ip-10-227-0-12.us-west-1.compute.internal;60;1439878983;xvdf;0.00;0.00;0.00;0.00;0.00;0.00;0.00;0.00
ip-10-227-0-12.us-west-1.compute.internal;60;1439878983;xvdg;0.00;0.00;0.00;0.00;0.00;0.00;0.00;0.00
ip-10-227-0-12.us-west-1.compute.internal;60;1439878983;xvdh;0.00;0.00;0.00;0.00;0.00;0.00;0.00;0.00
ip-10-227-0-12.us-west-1.compute.internal;60;1439878983;xvdi;0.00;0.00;0.00;0.00;0.00;0.00;0.00;0.00
ip-10-227-0-12.us-west-1.compute.internal;60;1439879043;xvda;580.03;0.00;146707.27;252.93;10.98;18.93;0.20;11.36
ip-10-227-0-12.us-west-1.compute.internal;60;1439879043;xvdb;0.00;0.00;0.00;0.00;0.00;0.00;0.00;0.00
ip-10-227-0-12.us-west-1.compute.internal;60;1439879043;xvdc;0.00;0.00;0.00;0.00;0.00;0.00;0.00;0.00
ip-10-227-0-12.us-west-1.compute.internal;60;1439879043;xvdd;0.00;0.00;0.00;0.00;0.00;0.00;0.00;0.00
ip-10-227-0-12.us-west-1.compute.internal;60;1439879043;xvde;0.00;0.00;0.00;0.00;0.00;0.00;0.00;0.00
ip-10-227-0-12.us-west-1.compute.internal;60;1439879043;xvdf;0.00;0.00;0.00;0.00;0.00;0.00;0.00;0.00
ip-10-227-0-12.us-west-1.compute.internal;60;1439879043;xvdg;0.00;0.00;0.00;0.00;0.00;0.00;0.00;0.00
ip-10-227-0-12.us-west-1.compute.internal;60;1439879043;xvdh;0.00;0.00;0.00;0.00;0.00;0.00;0.00;0.00
ip-10-227-0-12.us-west-1.compute.internal;60;1439879043;xvdi;0.00;0.00;0.00;0.00;0.00;0.00;0.00;0.00
ip-10-227-0-12.us-west-1.compute.internal;60;1439879103;xvda;511.18;0.00;129217.83;252.78;10.48;20.51;0.21;10.90
ip-10-227-0-12.us-west-1.compute.internal;60;1439879103;xvdb;0.00;0.00;0.00;0.00;0.00;0.00;0.00;0.00
ip-10-227-0-12.us-west-1.compute.internal;60;1439879103;xvdc;0.00;0.00;0.00;0.00;0.00;0.00;0.00;0.00
ip-10-227-0-12.us-west-1.compute.internal;60;1439879103;xvdd;0.00;0.00;0.00;0.00;0.00;0.00;0.00;0.00
ip-10-227-0-12.us-west-1.compute.internal;60;1439879103;xvde;0.00;0.00;0.00;0.00;0.00;0.00;0.00;0.00
ip-10-227-0-12.us-west-1.compute.internal;60;1439879103;xvdf;0.00;0.00;0.00;0.00;0.00;0.00;0.00;0.00
ip-10-227-0-12.us-west-1.compute.internal;60;1439879103;xvdg;0.00;0.00;0.00;0.00;0.00;0.00;0.00;0.00
ip-10-227-0-12.us-west-1.compute.internal;60;1439879103;xvdh;0.00;0.00;0.00;0.00;0.00;0.00;0.00;0.00
ip-10-227-0-12.us-west-1.compute.internal;60;1439879103;xvdi;0.00;0.00;0.00;0.00;0.00;0.00;0.00;0.00
ip-10-227-0-12.us-west-1.compute.internal;60;1439879163;xvda;570.12;0.00;144372.75;253.23;11.71;20.55;0.21;11.70
ip-10-227-0-12.us-west-1.compute.internal;60;1439879163;xvdb;0.00;0.00;0.00;0.00;0.00;0.00;0.00;0.00
ip-10-227-0-12.us-west-1.compute.internal;60;1439879163;xvdc;0.00;0.00;0.00;0.00;0.00;0.00;0.00;0.00
ip-10-227-0-12.us-west-1.compute.internal;60;1439879163;xvdd;0.00;0.00;0.00;0.00;0.00;0.00;0.00;0.00
ip-10-227-0-12.us-west-1.compute.internal;60;1439879163;xvde;0.00;0.00;0.00;0.00;0.00;0.00;0.00;0.00
ip-10-227-0-12.us-west-1.compute.internal;60;1439879163;xvdf;0.00;0.00;0.00;0.00;0.00;0.00;0.00;0.00
ip-10-227-0-12.us-west-1.compute.internal;60;1439879163;xvdg;0.00;0.00;0.00;0.00;0.00;0.00;0.00;0.00
ip-10-227-0-12.us-west-1.compute.internal;60;1439879163;xvdh;0.00;0.00;0.00;0.00;0.00;0.00;0.00;0.00
ip-10-227-0-12.us-west-1.compute.internal;60;1439879163;xvdi;0.00;0.00;0.00;0.00;0.00;0.00;0.00;0.00
ip-10-227-0-12.us-west-1.compute.internal;60;1439879223;xvda;513.33;0.00;129726.57;252.71;9.50;18.52;0.20;10.17
ip-10-227-0-12.us-west-1.compute.internal;60;1439879223;xvdb;0.00;0.00;0.00;0.00;0.00;0.00;0.00;0.00
ip-10-227-0-12.us-west-1.compute.internal;60;1439879223;xvdc;0.00;0.00;0.00;0.00;0.00;0.00;0.00;0.00
ip-10-227-0-12.us-west-1.compute.internal;60;1439879223;xvdd;0.00;0.00;0.00;0.00;0.00;0.00;0.00;0.00
ip-10-227-0-12.us-west-1.compute.internal;60;1439879223;xvde;0.00;0.00;0.00;0.00;0.00;0.00;0.00;0.00
ip-10-227-0-12.us-west-1.compute.internal;60;1439879223;xvdf;0.00;0.00;0.00;0.00;0.00;0.00;0.00;0.00
ip-10-227-0-12.us-west-1.compute.internal;60;1439879223;xvdg;0.00;0.00;0.00;0.00;0.00;0.00;0.00;0.00
ip-10-227-0-12.us-west-1.compute.internal;60;1439879223;xvdh;0.00;0.00;0.00;0.00;0.00;0.00;0.00;0.00
ip-10-227-0-12.us-west-1.compute.internal;60;1439879223;xvdi;0.00;0.00;0.00;0.00;0.00;0.00;0.00;0.00
ip-10-227-0-12.us-west-1.compute.internal;60;1439879283;xvda;575.93;10.53;145673.90;252.95;13.39;23.26;0.22;12.84
ip-10-227-0-12.us-west-1.compute.internal;60;1439879283;xvdb;0.00;0.00;0.00;0.00;0.00;0.00;0.00;0.00
ip-10-227-0-12.us-west-1.compute.internal;60;1439879283;xvdc;0.00;0.00;0.00;0.00;0.00;0.00;0.00;0.00
ip-10-227-0-12.us-west-1.compute.internal;60;1439879283;xvdd;0.00;0.00;0.00;0.00;0.00;0.00;0.00;0.00
ip-10-227-0-12.us-west-1.compute.internal;60;1439879283;xvde;0.00;0.00;0.00;0.00;0.00;0.00;0.00;0.00
ip-10-227-0-12.us-west-1.compute.internal;60;1439879283;xvdf;0.00;0.00;0.00;0.00;0.00;0.00;0.00;0.00
ip-10-227-0-12.us-west-1.compute.internal;60;1439879283;xvdg;0.00;0.00;0.00;0.00;0.00;0.00;0.00;0.00
ip-10-227-0-12.us-west-1.compute.internal;60;1439879283;xvdh;0.00;0.00;0.00;0.00;0.00;0.00;0.00;0.00
ip-10-227-0-12.us-west-1.compute.internal;60;1439879283;xvdi;0.00;0.00;0.00;0.00;0.00;0.00;0.00;0.00
ip-10-227-0-12.us-west-1.compute.internal;60;1439879343;xvda;560.08;0.00;141678.28;252.96;10.78;18.57;0.20;11.19
ip-10-227-0-12.us-west-1.compute.internal;60;1439879343;xvdb;0.00;0.00;0.00;0.00;0.00;0.00;0.00;0.00
ip-10-227-0-12.us-west-1.compute.internal;60;1439879343;xvdc;0.00;0.00;0.00;0.00;0.00;0.00;0.00;0.00
ip-10-227-0-12.us-west-1.compute.internal;60;1439879343;xvdd;0.00;0.00;0.00;0.00;0.00;0.00;0.00;0.00
ip-10-227-0-12.us-west-1.compute.internal;60;1439879343;xvde;0.00;0.00;0.00;0.00;0.00;0.00;0.00;0.00
ip-10-227-0-12.us-west-1.compute.internal;60;1439879343;xvdf;0.00;0.00;0.00;0.00;0.00;0.00;0.00;0.00
ip-10-227-0-12.us-west-1.compute.internal;60;1439879343;xvdg;0.00;0.00;0.00;0.00;0.00;0.00;0.00;0.00
ip-10-227-0-12.us-west-1.compute.internal;60;1439879343;xvdh;0.00;0.00;0.00;0.00;0.00;0.00;0.00;0.00
ip-10-227-0-12.us-west-1.compute.internal;60;1439879343;xvdi;0.00;0.00;0.00;0.00;0.00;0.00;0.00;0.00
ip-10-227-0-12.us-west-1.compute.internal;60;1439879403;xvda;540.15;22.67;136384.33;252.54;10.13;19.48;0.20;10.62
ip-10-227-0-12.us-west-1.compute.internal;60;1439879403;xvdb;0.00;0.00;0.00;0.00;0.00;0.00;0.00;0.00
ip-10-227-0-12.us-west-1.compute.internal;60;1439879403;xvdc;0.00;0.00;0.00;0.00;0.00;0.00;0.00;0.00
ip-10-227-0-12.us-west-1.compute.internal;60;1439879403;xvdd;0.00;0.00;0.00;0.00;0.00;0.00;0.00;0.00
ip-10-227-0-12.us-west-1.compute.internal;60;1439879403;xvde;0.00;0.00;0.00;0.00;0.00;0.00;0.00;0.00
ip-10-227-0-12.us-west-1.compute.internal;60;1439879403;xvdf;0.00;0.00;0.00;0.00;0.00;0.00;0.00;0.00
ip-10-227-0-12.us-west-1.compute.internal;60;1439879403;xvdg;0.00;0.00;0.00;0.00;0.00;0.00;0.00;0.00
ip-10-227-0-12.us-west-1.compute.internal;60;1439879403;xvdh;0.00;0.00;0.00;0.00;0.00;0.00;0.00;0.00
ip-10-227-0-12.us-west-1.compute.internal;60;1439879403;xvdi;0.00;0.00;0.00;0.00;0.00;0.00;0.00;0.00
ip-10-227-0-12.us-west-1.compute.internal;60;1439879463;xvda;574.07;0.00;145309.93;253.12;12.50;21.78;0.22;12.79
ip-10-227-0-12.us-west-1.compute.internal;60;1439879463;xvdb;0.00;0.00;0.00;0.00;0.00;0.00;0.00;0.00
ip-10-227-0-12.us-west-1.compute.internal;60;1439879463;xvdc;0.00;0.00;0.00;0.00;0.00;0.00;0.00;0.00
ip-10-227-0-12.us-west-1.compute.internal;60;1439879463;xvdd;0.00;0.00;0.00;0.00;0.00;0.00;0.00;0.00
ip-10-227-0-12.us-west-1.compute.internal;60;1439879463;xvde;0.00;0.00;0.00;0.00;0.00;0.00;0.00;0.00
ip-10-227-0-12.us-west-1.compute.internal;60;1439879463;xvdf;0.00;0.00;0.00;0.00;0.00;0.00;0.00;0.00
ip-10-227-0-12.us-west-1.compute.internal;60;1439879463;xvdg;0.00;0.00;0.00;0.00;0.00;0.00;0.00;0.00
ip-10-227-0-12.us-west-1.compute.internal;60;1439879463;xvdh;0.00;0.00;0.00;0.00;0.00;0.00;0.00;0.00
ip-10-227-0-12.us-west-1.compute.internal;60;1439879463;xvdi;0.00;0.00;0.00;0.00;0.00;0.00;0.00;0.00
ip-10-227-0-12.us-west-1.compute.internal;60;1439879523;xvda;539.60;0.00;136461.52;252.89;10.32;19.12;0.20;10.75
ip-10-227-0-12.us-west-1.compute.internal;60;1439879523;xvdb;0.00;0.00;0.00;0.00;0.00;0.00;0.00;0.00
ip-10-227-0-12.us-west-1.compute.internal;60;1439879523;xvdc;0.00;0.00;0.00;0.00;0.00;0.00;0.00;0.00
ip-10-227-0-12.us-west-1.compute.internal;60;1439879523;xvdd;0.00;0.00;0.00;0.00;0.00;0.00;0.00;0.00
ip-10-227-0-12.us-west-1.compute.internal;60;1439879523;xvde;0.00;0.00;0.00;0.00;0.00;0.00;0.00;0.00
ip-10-227-0-12.us-west-1.compute.internal;60;1439879523;xvdf;0.00;0.00;0.00;0.00;0.00;0.00;0.00;0.00
ip-10-227-0-12.us-west-1.compute.internal;60;1439879523;xvdg;0.00;0.00;0.00;0.00;0.00;0.00;0.00;0.00
ip-10-227-0-12.us-west-1.compute.internal;60;1439879523;xvdh;0.00;0.00;0.00;0.00;0.00;0.00;0.00;0.00
ip-10-227-0-12.us-west-1.compute.internal;60;1439879523;xvdi;0.00;0.00;0.00;0.00;0.00;0.00;0.00;0.00
ip-10-227-0-12.us-west-1.compute.internal;60;1439879583;xvda;556.45;0.00;140899.03;253.21;11.89;21.37;0.21;11.94
ip-10-227-0-12.us-west-1.compute.internal;60;1439879583;xvdb;0.00;0.00;0.00;0.00;0.00;0.00;0.00;0.00
ip-10-227-0-12.us-west-1.compute.internal;60;1439879583;xvdc;0.00;0.00;0.00;0.00;0.00;0.00;0.00;0.00
ip-10-227-0-12.us-west-1.compute.internal;60;1439879583;xvdd;0.00;0.00;0.00;0.00;0.00;0.00;0.00;0.00
ip-10-227-0-12.us-west-1.compute.internal;60;1439879583;xvde;0.00;0.00;0.00;0.00;0.00;0.00;0.00;0.00
ip-10-227-0-12.us-west-1.compute.internal;60;1439879583;xvdf;0.00;0.00;0.00;0.00;0.00;0.00;0.00;0.00
ip-10-227-0-12.us-west-1.compute.internal;60;1439879583;xvdg;0.00;0.00;0.00;0.00;0.00;0.00;0.00;0.00
ip-10-227-0-12.us-west-1.compute.internal;60;1439879583;xvdh;0.00;0.00;0.00;0.00;0.00;0.00;0.00;0.00
ip-10-227-0-12.us-west-1.compute.internal;60;1439879583;xvdi;0.00;0.00;0.00;0.00;0.00;0.00;0.00;0.00
ip-10-227-0-12.us-west-1.compute.internal;60;1439879643;xvda;492.25;30.93;124202.87;252.38;10.56;21.46;0.22;10.91
ip-10-227-0-12.us-west-1.compute.internal;60;1439879643;xvdb;0.00;0.00;0.00;0.00;0.00;0.00;0.00;0.00
ip-10-227-0-12.us-west-1.compute.internal;60;1439879643;xvdc;0.00;0.00;0.00;0.00;0.00;0.00;0.00;0.00
ip-10-227-0-12.us-west-1.compute.internal;60;1439879643;xvdd;0.00;0.00;0.00;0.00;0.00;0.00;0.00;0.00
ip-10-227-0-12.us-west-1.compute.internal;60;1439879643;xvde;0.00;0.00;0.00;0.00;0.00;0.00;0.00;0.00
ip-10-227-0-12.us-west-1.compute.internal;60;1439879643;xvdf;0.00;0.00;0.00;0.00;0.00;0.00;0.00;0.00
ip-10-227-0-12.us-west-1.compute.internal;60;1439879643;xvdg;0.00;0.00;0.00;0.00;0.00;0.00;0.00;0.00
ip-10-227-0-12.us-west-1.compute.internal;60;1439879643;xvdh;0.00;0.00;0.00;0.00;0.00;0.00;0.00;0.00
ip-10-227-0-12.us-west-1.compute.internal;60;1439879643;xvdi;0.00;0.00;0.00;0.00;0.00;0.00;0.00;0.00
ip-10-227-0-12.us-west-1.compute.internal;60;1439879703;xvda;1045.03;31.20;265407.83;254.00;51.40;49.13;0.35;36.29
ip-10-227-0-12.us-west-1.compute.internal;60;1439879703;xvdb;0.00;0.00;0.00;0.00;0.00;0.00;0.00;0.00
ip-10-227-0-12.us-west-1.compute.internal;60;1439879703;xvdc;0.00;0.00;0.00;0.00;0.00;0.00;0.00;0.00
ip-10-227-0-12.us-west-1.compute.internal;60;1439879703;xvdd;0.00;0.00;0.00;0.00;0.00;0.00;0.00;0.00
ip-10-227-0-12.us-west-1.compute.internal;60;1439879703;xvde;0.00;0.00;0.00;0.00;0.00;0.00;0.00;0.00
ip-10-227-0-12.us-west-1.compute.internal;60;1439879703;xvdf;0.00;0.00;0.00;0.00;0.00;0.00;0.00;0.00
ip-10-227-0-12.us-west-1.compute.internal;60;1439879703;xvdg;0.00;0.00;0.00;0.00;0.00;0.00;0.00;0.00
ip-10-227-0-12.us-west-1.compute.internal;60;1439879703;xvdh;0.00;0.00;0.00;0.00;0.00;0.00;0.00;0.00
ip-10-227-0-12.us-west-1.compute.internal;60;1439879703;xvdi;0.00;0.00;0.00;0.00;0.00;0.00;0.00;0.00
ip-10-227-0-12.us-west-1.compute.internal;60;1439879763;xvda;2063.90;0.27;524335.38;254.05;107.67;52.17;0.37;75.35
ip-10-227-0-12.us-west-1.compute.internal;60;1439879763;xvdb;0.00;0.00;0.00;0.00;0.00;0.00;0.00;0.00
ip-10-227-0-12.us-west-1.compute.internal;60;1439879763;xvdc;0.00;0.00;0.00;0.00;0.00;0.00;0.00;0.00
ip-10-227-0-12.us-west-1.compute.internal;60;1439879763;xvdd;0.00;0.00;0.00;0.00;0.00;0.00;0.00;0.00
ip-10-227-0-12.us-west-1.compute.internal;60;1439879763;xvde;0.00;0.00;0.00;0.00;0.00;0.00;0.00;0.00
ip-10-227-0-12.us-west-1.compute.internal;60;1439879763;xvdf;0.00;0.00;0.00;0.00;0.00;0.00;0.00;0.00
ip-10-227-0-12.us-west-1.compute.internal;60;1439879763;xvdg;0.00;0.00;0.00;0.00;0.00;0.00;0.00;0.00
ip-10-227-0-12.us-west-1.compute.internal;60;1439879763;xvdh;0.00;0.00;0.00;0.00;0.00;0.00;0.00;0.00
ip-10-227-0-12.us-west-1.compute.internal;60;1439879763;xvdi;0.00;0.00;0.00;0.00;0.00;0.00;0.00;0.00
ip-10-227-0-12.us-west-1.compute.internal;60;1439879823;xvda;2250.98;5.33;575158.22;255.52;119.16;52.94;0.37;83.60
ip-10-227-0-12.us-west-1.compute.internal;60;1439879823;xvdb;0.00;0.00;0.00;0.00;0.00;0.00;0.00;0.00
ip-10-227-0-12.us-west-1.compute.internal;60;1439879823;xvdc;0.00;0.00;0.00;0.00;0.00;0.00;0.00;0.00
ip-10-227-0-12.us-west-1.compute.internal;60;1439879823;xvdd;0.00;0.00;0.00;0.00;0.00;0.00;0.00;0.00
ip-10-227-0-12.us-west-1.compute.internal;60;1439879823;xvde;0.00;0.00;0.00;0.00;0.00;0.00;0.00;0.00
ip-10-227-0-12.us-west-1.compute.internal;60;1439879823;xvdf;0.00;0.00;0.00;0.00;0.00;0.00;0.00;0.00
ip-10-227-0-12.us-west-1.compute.internal;60;1439879823;xvdg;0.00;0.00;0.00;0.00;0.00;0.00;0.00;0.00
ip-10-227-0-12.us-west-1.compute.internal;60;1439879823;xvdh;0.00;0.00;0.00;0.00;0.00;0.00;0.00;0.00
ip-10-227-0-12.us-west-1.compute.internal;60;1439879823;xvdi;0.00;0.00;0.00;0.00;0.00;0.00;0.00;0.00
ip-10-227-0-12.us-west-1.compute.internal;60;1439879883;xvda;2450.02;26.40;625366.35;255.26;131.19;53.55;0.37;91.75
ip-10-227-0-12.us-west-1.compute.internal;60;1439879883;xvdb;0.00;0.00;0.00;0.00;0.00;0.00;0.00;0.00
ip-10-227-0-12.us-west-1.compute.internal;60;1439879883;xvdc;0.00;0.00;0.00;0.00;0.00;0.00;0.00;0.00
ip-10-227-0-12.us-west-1.compute.internal;60;1439879883;xvdd;0.00;0.00;0.00;0.00;0.00;0.00;0.00;0.00
ip-10-227-0-12.us-west-1.compute.internal;60;1439879883;xvde;0.00;0.00;0.00;0.00;0.00;0.00;0.00;0.00
ip-10-227-0-12.us-west-1.compute.internal;60;1439879883;xvdf;0.00;0.00;0.00;0.00;0.00;0.00;0.00;0.00
ip-10-227-0-12.us-west-1.compute.internal;60;1439879883;xvdg;0.00;0.00;0.00;0.00;0.00;0.00;0.00;0.00
ip-10-227-0-12.us-west-1.compute.internal;60;1439879883;xvdh;0.00;0.00;0.00;0.00;0.00;0.00;0.00;0.00
ip-10-227-0-12.us-west-1.compute.internal;60;1439879883;xvdi;0.00;0.00;0.00;0.00;0.00;0.00;0.00;0.00
ip-10-227-0-12.us-west-1.compute.internal;60;1439879943;xvda;2449.22;29.07;625348.85;255.34;131.21;53.37;0.37;91.78
ip-10-227-0-12.us-west-1.compute.internal;60;1439879943;xvdb;0.00;0.00;0.00;0.00;0.00;0.00;0.00;0.00
ip-10-227-0-12.us-west-1.compute.internal;60;1439879943;xvdc;0.00;0.00;0.00;0.00;0.00;0.00;0.00;0.00
ip-10-227-0-12.us-west-1.compute.internal;60;1439879943;xvdd;0.00;0.00;0.00;0.00;0.00;0.00;0.00;0.00
ip-10-227-0-12.us-west-1.compute.internal;60;1439879943;xvde;0.00;0.00;0.00;0.00;0.00;0.00;0.00;0.00
ip-10-227-0-12.us-west-1.compute.internal;60;1439879943;xvdf;0.00;0.00;0.00;0.00;0.00;0.00;0.00;0.00
ip-10-227-0-12.us-west-1.compute.internal;60;1439879943;xvdg;0.00;0.00;0.00;0.00;0.00;0.00;0.00;0.00
ip-10-227-0-12.us-west-1.compute.internal;60;1439879943;xvdh;0.00;0.00;0.00;0.00;0.00;0.00;0.00;0.00
ip-10-227-0-12.us-west-1.compute.internal;60;1439879943;xvdi;0.00;0.00;0.00;0.00;0.00;0.00;0.00;0.00
ip-10-227-0-12.us-west-1.compute.internal;60;1439880003;xvda;2451.05;18.80;624732.08;254.89;143.86;58.81;0.37;91.64
ip-10-227-0-12.us-west-1.compute.internal;60;1439880003;xvdb;0.00;0.00;0.00;0.00;0.00;0.00;0.00;0.00
ip-10-227-0-12.us-west-1.compute.internal;60;1439880003;xvdc;0.00;0.00;0.00;0.00;0.00;0.00;0.00;0.00
ip-10-227-0-12.us-west-1.compute.internal;60;1439880003;xvdd;0.00;0.00;0.00;0.00;0.00;0.00;0.00;0.00
ip-10-227-0-12.us-west-1.compute.internal;60;1439880003;xvde;0.00;0.00;0.00;0.00;0.00;0.00;0.00;0.00
ip-10-227-0-12.us-west-1.compute.internal;60;1439880003;xvdf;0.00;0.00;0.00;0.00;0.00;0.00;0.00;0.00
ip-10-227-0-12.us-west-1.compute.internal;60;1439880003;xvdg;0.00;0.00;0.00;0.00;0.00;0.00;0.00;0.00
ip-10-227-0-12.us-west-1.compute.internal;60;1439880003;xvdh;0.00;0.00;0.00;0.00;0.00;0.00;0.00;0.00
ip-10-227-0-12.us-west-1.compute.internal;60;1439880003;xvdi;0.00;0.00;0.00;0.00;0.00;0.00;0.00;0.00
ip-10-227-0-12.us-west-1.compute.internal;60;1439880063;xvda;2205.38;0.00;556567.57;252.37;155.75;70.74;0.36;80.44
ip-10-227-0-12.us-west-1.compute.internal;60;1439880063;xvdb;0.00;0.00;0.00;0.00;0.00;0.00;0.00;0.00
ip-10-227-0-12.us-west-1.compute.internal;60;1439880063;xvdc;0.00;0.00;0.00;0.00;0.00;0.00;0.00;0.00
ip-10-227-0-12.us-west-1.compute.internal;60;1439880063;xvdd;0.00;0.00;0.00;0.00;0.00;0.00;0.00;0.00
ip-10-227-0-12.us-west-1.compute.internal;60;1439880063;xvde;0.00;0.00;0.00;0.00;0.00;0.00;0.00;0.00
ip-10-227-0-12.us-west-1.compute.internal;60;1439880063;xvdf;0.00;0.00;0.00;0.00;0.00;0.00;0.00;0.00
ip-10-227-0-12.us-west-1.compute.internal;60;1439880063;xvdg;0.00;0.00;0.00;0.00;0.00;0.00;0.00;0.00
ip-10-227-0-12.us-west-1.compute.internal;60;1439880063;xvdh;0.00;0.00;0.00;0.00;0.00;0.00;0.00;0.00
ip-10-227-0-12.us-west-1.compute.internal;60;1439880063;xvdi;0.00;0.00;0.00;0.00;0.00;0.00;0.00;0.00
ip-10-227-0-12.us-west-1.compute.internal;60;1439880123;xvda;565.03;0.53;139219.57;246.39;23.91;42.32;0.30;17.12
ip-10-227-0-12.us-west-1.compute.internal;60;1439880123;xvdb;0.00;0.00;0.00;0.00;0.00;0.00;0.00;0.00
ip-10-227-0-12.us-west-1.compute.internal;60;1439880123;xvdc;0.00;0.00;0.00;0.00;0.00;0.00;0.00;0.00
ip-10-227-0-12.us-west-1.compute.internal;60;1439880123;xvdd;0.00;0.00;0.00;0.00;0.00;0.00;0.00;0.00
ip-10-227-0-12.us-west-1.compute.internal;60;1439880123;xvde;0.00;0.00;0.00;0.00;0.00;0.00;0.00;0.00
ip-10-227-0-12.us-west-1.compute.internal;60;1439880123;xvdf;0.00;0.00;0.00;0.00;0.00;0.00;0.00;0.00
ip-10-227-0-12.us-west-1.compute.internal;60;1439880123;xvdg;0.00;0.00;0.00;0.00;0.00;0.00;0.00;0.00
ip-10-227-0-12.us-west-1.compute.internal;60;1439880123;xvdh;0.00;0.00;0.00;0.00;0.00;0.00;0.00;0.00
ip-10-227-0-12.us-west-1.compute.internal;60;1439880123;xvdi;0.00;0.00;0.00;0.00;0.00;0.00;0.00;0.00
ip-10-227-0-12.us-west-1.compute.internal;60;1439880183;xvda;585.85;0.00;149587.32;255.33;24.26;41.30;0.30;17.31
ip-10-227-0-12.us-west-1.compute.internal;60;1439880183;xvdb;0.00;0.00;0.00;0.00;0.00;0.00;0.00;0.00
ip-10-227-0-12.us-west-1.compute.internal;60;1439880183;xvdc;0.00;0.00;0.00;0.00;0.00;0.00;0.00;0.00
ip-10-227-0-12.us-west-1.compute.internal;60;1439880183;xvdd;0.00;0.00;0.00;0.00;0.00;0.00;0.00;0.00
ip-10-227-0-12.us-west-1.compute.internal;60;1439880183;xvde;0.00;0.00;0.00;0.00;0.00;0.00;0.00;0.00
ip-10-227-0-12.us-west-1.compute.internal;60;1439880183;xvdf;0.00;0.00;0.00;0.00;0.00;0.00;0.00;0.00
ip-10-227-0-12.us-west-1.compute.internal;60;1439880183;xvdg;0.00;0.00;0.00;0.00;0.00;0.00;0.00;0.00
ip-10-227-0-12.us-west-1.compute.internal;60;1439880183;xvdh;0.00;0.00;0.00;0.00;0.00;0.00;0.00;0.00
ip-10-227-0-12.us-west-1.compute.internal;60;1439880183;xvdi;0.00;0.00;0.00;0.00;0.00;0.00;0.00;0.00
ip-10-227-0-12.us-west-1.compute.internal;60;1439880243;xvda;729.75;0.00;186253.40;255.23;34.40;47.23;0.34;24.48
ip-10-227-0-12.us-west-1.compute.internal;60;1439880243;xvdb;0.00;0.00;0.00;0.00;0.00;0.00;0.00;0.00
ip-10-227-0-12.us-west-1.compute.internal;60;1439880243;xvdc;0.00;0.00;0.00;0.00;0.00;0.00;0.00;0.00
ip-10-227-0-12.us-west-1.compute.internal;60;1439880243;xvdd;0.00;0.00;0.00;0.00;0.00;0.00;0.00;0.00
ip-10-227-0-12.us-west-1.compute.internal;60;1439880243;xvde;0.00;0.00;0.00;0.00;0.00;0.00;0.00;0.00
ip-10-227-0-12.us-west-1.compute.internal;60;1439880243;xvdf;0.00;0.00;0.00;0.00;0.00;0.00;0.00;0.00
ip-10-227-0-12.us-west-1.compute.internal;60;1439880243;xvdg;0.00;0.00;0.00;0.00;0.00;0.00;0.00;0.00
ip-10-227-0-12.us-west-1.compute.internal;60;1439880243;xvdh;0.00;0.00;0.00;0.00;0.00;0.00;0.00;0.00
ip-10-227-0-12.us-west-1.compute.internal;60;1439880243;xvdi;0.00;0.00;0.00;0.00;0.00;0.00;0.00;0.00
ip-10-227-0-12.us-west-1.compute.internal;60;1439880303;xvda;1642.83;0.00;419400.92;255.29;85.77;52.16;0.36;58.87
ip-10-227-0-12.us-west-1.compute.internal;60;1439880303;xvdb;0.00;0.00;0.00;0.00;0.00;0.00;0.00;0.00
ip-10-227-0-12.us-west-1.compute.internal;60;1439880303;xvdc;0.00;0.00;0.00;0.00;0.00;0.00;0.00;0.00
ip-10-227-0-12.us-west-1.compute.internal;60;1439880303;xvdd;0.00;0.00;0.00;0.00;0.00;0.00;0.00;0.00
ip-10-227-0-12.us-west-1.compute.internal;60;1439880303;xvde;0.00;0.00;0.00;0.00;0.00;0.00;0.00;0.00
ip-10-227-0-12.us-west-1.compute.internal;60;1439880303;xvdf;0.00;0.00;0.00;0.00;0.00;0.00;0.00;0.00
ip-10-227-0-12.us-west-1.compute.internal;60;1439880303;xvdg;0.00;0.00;0.00;0.00;0.00;0.00;0.00;0.00
ip-10-227-0-12.us-west-1.compute.internal;60;1439880303;xvdh;0.00;0.00;0.00;0.00;0.00;0.00;0.00;0.00
ip-10-227-0-12.us-west-1.compute.internal;60;1439880303;xvdi;0.00;0.00;0.00;0.00;0.00;0.00;0.00;0.00
ip-10-227-0-12.us-west-1.compute.internal;60;1439880363;xvda;769.58;0.27;196325.67;255.11;35.52;46.12;0.33;25.31
ip-10-227-0-12.us-west-1.compute.internal;60;1439880363;xvdb;0.00;0.00;0.00;0.00;0.00;0.00;0.00;0.00
ip-10-227-0-12.us-west-1.compute.internal;60;1439880363;xvdc;0.00;0.00;0.00;0.00;0.00;0.00;0.00;0.00
ip-10-227-0-12.us-west-1.compute.internal;60;1439880363;xvdd;0.00;0.00;0.00;0.00;0.00;0.00;0.00;0.00
ip-10-227-0-12.us-west-1.compute.internal;60;1439880363;xvde;0.00;0.00;0.00;0.00;0.00;0.00;0.00;0.00
ip-10-227-0-12.us-west-1.compute.internal;60;1439880363;xvdf;0.00;0.00;0.00;0.00;0.00;0.00;0.00;0.00
ip-10-227-0-12.us-west-1.compute.internal;60;1439880363;xvdg;0.00;0.00;0.00;0.00;0.00;0.00;0.00;0.00
ip-10-227-0-12.us-west-1.compute.internal;60;1439880363;xvdh;0.00;0.00;0.00;0.00;0.00;0.00;0.00;0.00
ip-10-227-0-12.us-west-1.compute.internal;60;1439880363;xvdi;0.00;0.00;0.00;0.00;0.00;0.00;0.00;0.00
ip-10-227-0-12.us-west-1.compute.internal;60;1439880423;xvda;1870.13;0.27;476761.45;254.93;106.29;56.89;0.36;68.08
ip-10-227-0-12.us-west-1.compute.internal;60;1439880423;xvdb;0.00;0.00;0.00;0.00;0.00;0.00;0.00;0.00
ip-10-227-0-12.us-west-1.compute.internal;60;1439880423;xvdc;0.00;0.00;0.00;0.00;0.00;0.00;0.00;0.00
ip-10-227-0-12.us-west-1.compute.internal;60;1439880423;xvdd;0.00;0.00;0.00;0.00;0.00;0.00;0.00;0.00
ip-10-227-0-12.us-west-1.compute.internal;60;1439880423;xvde;0.00;0.00;0.00;0.00;0.00;0.00;0.00;0.00
ip-10-227-0-12.us-west-1.compute.internal;60;1439880423;xvdf;0.00;0.00;0.00;0.00;0.00;0.00;0.00;0.00
ip-10-227-0-12.us-west-1.compute.internal;60;1439880423;xvdg;0.00;0.00;0.00;0.00;0.00;0.00;0.00;0.00
ip-10-227-0-12.us-west-1.compute.internal;60;1439880423;xvdh;0.00;0.00;0.00;0.00;0.00;0.00;0.00;0.00
ip-10-227-0-12.us-west-1.compute.internal;60;1439880423;xvdi;0.00;0.00;0.00;0.00;0.00;0.00;0.00;0.00
ip-10-227-0-12.us-west-1.compute.internal;60;1439880483;xvda;1393.50;0.00;356097.23;255.54;70.45;50.50;0.36;49.73
ip-10-227-0-12.us-west-1.compute.internal;60;1439880483;xvdb;0.00;0.00;0.00;0.00;0.00;0.00;0.00;0.00
ip-10-227-0-12.us-west-1.compute.internal;60;1439880483;xvdc;0.00;0.00;0.00;0.00;0.00;0.00;0.00;0.00
ip-10-227-0-12.us-west-1.compute.internal;60;1439880483;xvdd;0.00;0.00;0.00;0.00;0.00;0.00;0.00;0.00
ip-10-227-0-12.us-west-1.compute.internal;60;1439880483;xvde;0.00;0.00;0.00;0.00;0.00;0.00;0.00;0.00
ip-10-227-0-12.us-west-1.compute.internal;60;1439880483;xvdf;0.00;0.00;0.00;0.00;0.00;0.00;0.00;0.00
ip-10-227-0-12.us-west-1.compute.internal;60;1439880483;xvdg;0.00;0.00;0.00;0.00;0.00;0.00;0.00;0.00
ip-10-227-0-12.us-west-1.compute.internal;60;1439880483;xvdh;0.00;0.00;0.00;0.00;0.00;0.00;0.00;0.00
ip-10-227-0-12.us-west-1.compute.internal;60;1439880483;xvdi;0.00;0.00;0.00;0.00;0.00;0.00;0.00;0.00
ip-10-227-0-12.us-west-1.compute.internal;60;1439880543;xvda;1294.18;0.00;330207.12;255.15;73.86;57.13;0.37;47.63
ip-10-227-0-12.us-west-1.compute.internal;60;1439880543;xvdb;0.00;0.00;0.00;0.00;0.00;0.00;0.00;0.00
ip-10-227-0-12.us-west-1.compute.internal;60;1439880543;xvdc;0.00;0.00;0.00;0.00;0.00;0.00;0.00;0.00
ip-10-227-0-12.us-west-1.compute.internal;60;1439880543;xvdd;0.00;0.00;0.00;0.00;0.00;0.00;0.00;0.00
ip-10-227-0-12.us-west-1.compute.internal;60;1439880543;xvde;0.00;0.00;0.00;0.00;0.00;0.00;0.00;0.00
ip-10-227-0-12.us-west-1.compute.internal;60;1439880543;xvdf;0.00;0.00;0.00;0.00;0.00;0.00;0.00;0.00
ip-10-227-0-12.us-west-1.compute.internal;60;1439880543;xvdg;0.00;0.00;0.00;0.00;0.00;0.00;0.00;0.00
ip-10-227-0-12.us-west-1.compute.internal;60;1439880543;xvdh;0.00;0.00;0.00;0.00;0.00;0.00;0.00;0.00
ip-10-227-0-12.us-west-1.compute.internal;60;1439880543;xvdi;0.00;0.00;0.00;0.00;0.00;0.00;0.00;0.00
ip-10-227-0-12.us-west-1.compute.internal;60;1439880603;xvda;160.73;0.00;40919.12;254.58;5.58;34.70;0.25;4.08
ip-10-227-0-12.us-west-1.compute.internal;60;1439880603;xvdb;0.00;0.00;0.00;0.00;0.00;0.00;0.00;0.00
ip-10-227-0-12.us-west-1.compute.internal;60;1439880603;xvdc;0.00;0.00;0.00;0.00;0.00;0.00;0.00;0.00
ip-10-227-0-12.us-west-1.compute.internal;60;1439880603;xvdd;0.00;0.00;0.00;0.00;0.00;0.00;0.00;0.00
ip-10-227-0-12.us-west-1.compute.internal;60;1439880603;xvde;0.00;0.00;0.00;0.00;0.00;0.00;0.00;0.00
ip-10-227-0-12.us-west-1.compute.internal;60;1439880603;xvdf;0.00;0.00;0.00;0.00;0.00;0.00;0.00;0.00
ip-10-227-0-12.us-west-1.compute.internal;60;1439880603;xvdg;0.00;0.00;0.00;0.00;0.00;0.00;0.00;0.00
ip-10-227-0-12.us-west-1.compute.internal;60;1439880603;xvdh;0.00;0.00;0.00;0.00;0.00;0.00;0.00;0.00
ip-10-227-0-12.us-west-1.compute.internal;60;1439880603;xvdi;0.00;0.00;0.00;0.00;0.00;0.00;0.00;0.00
ip-10-227-0-12.us-west-1.compute.internal;60;1439880663;xvda;185.55;0.27;47254.93;254.68;5.40;29.13;0.22;4.03
ip-10-227-0-12.us-west-1.compute.internal;60;1439880663;xvdb;0.00;0.00;0.00;0.00;0.00;0.00;0.00;0.00
ip-10-227-0-12.us-west-1.compute.internal;60;1439880663;xvdc;0.00;0.00;0.00;0.00;0.00;0.00;0.00;0.00
ip-10-227-0-12.us-west-1.compute.internal;60;1439880663;xvdd;0.00;0.00;0.00;0.00;0.00;0.00;0.00;0.00
ip-10-227-0-12.us-west-1.compute.internal;60;1439880663;xvde;0.00;0.00;0.00;0.00;0.00;0.00;0.00;0.00
ip-10-227-0-12.us-west-1.compute.internal;60;1439880663;xvdf;0.00;0.00;0.00;0.00;0.00;0.00;0.00;0.00
ip-10-227-0-12.us-west-1.compute.internal;60;1439880663;xvdg;0.00;0.00;0.00;0.00;0.00;0.00;0.00;0.00
ip-10-227-0-12.us-west-1.compute.internal;60;1439880663;xvdh;0.00;0.00;0.00;0.00;0.00;0.00;0.00;0.00
ip-10-227-0-12.us-west-1.compute.internal;60;1439880663;xvdi;0.00;0.00;0.00;0.00;0.00;0.00;0.00;0.00
ip-10-227-0-12.us-west-1.compute.internal;60;1439880723;xvda;167.75;0.00;42740.75;254.79;6.36;37.93;0.28;4.66
ip-10-227-0-12.us-west-1.compute.internal;60;1439880723;xvdb;0.00;0.00;0.00;0.00;0.00;0.00;0.00;0.00
ip-10-227-0-12.us-west-1.compute.internal;60;1439880723;xvdc;0.00;0.00;0.00;0.00;0.00;0.00;0.00;0.00
ip-10-227-0-12.us-west-1.compute.internal;60;1439880723;xvdd;0.00;0.00;0.00;0.00;0.00;0.00;0.00;0.00
ip-10-227-0-12.us-west-1.compute.internal;60;1439880723;xvde;0.00;0.00;0.00;0.00;0.00;0.00;0.00;0.00
ip-10-227-0-12.us-west-1.compute.internal;60;1439880723;xvdf;0.00;0.00;0.00;0.00;0.00;0.00;0.00;0.00
ip-10-227-0-12.us-west-1.compute.internal;60;1439880723;xvdg;0.00;0.00;0.00;0.00;0.00;0.00;0.00;0.00
ip-10-227-0-12.us-west-1.compute.internal;60;1439880723;xvdh;0.00;0.00;0.00;0.00;0.00;0.00;0.00;0.00
ip-10-227-0-12.us-west-1.compute.internal;60;1439880723;xvdi;0.00;0.00;0.00;0.00;0.00;0.00;0.00;0.00
ip-10-227-0-12.us-west-1.compute.internal;60;1439880783;xvda;123.92;0.00;31552.73;254.63;3.41;27.50;0.20;2.49
ip-10-227-0-12.us-west-1.compute.internal;60;1439880783;xvdb;0.00;0.00;0.00;0.00;0.00;0.00;0.00;0.00
ip-10-227-0-12.us-west-1.compute.internal;60;1439880783;xvdc;0.00;0.00;0.00;0.00;0.00;0.00;0.00;0.00
ip-10-227-0-12.us-west-1.compute.internal;60;1439880783;xvdd;0.00;0.00;0.00;0.00;0.00;0.00;0.00;0.00
ip-10-227-0-12.us-west-1.compute.internal;60;1439880783;xvde;0.00;0.00;0.00;0.00;0.00;0.00;0.00;0.00
ip-10-227-0-12.us-west-1.compute.internal;60;1439880783;xvdf;0.00;0.00;0.00;0.00;0.00;0.00;0.00;0.00
ip-10-227-0-12.us-west-1.compute.internal;60;1439880783;xvdg;0.00;0.00;0.00;0.00;0.00;0.00;0.00;0.00
ip-10-227-0-12.us-west-1.compute.internal;60;1439880783;xvdh;0.00;0.00;0.00;0.00;0.00;0.00;0.00;0.00
ip-10-227-0-12.us-west-1.compute.internal;60;1439880783;xvdi;0.00;0.00;0.00;0.00;0.00;0.00;0.00;0.00
ip-10-227-0-12.us-west-1.compute.internal;60;1439880843;xvda;157.70;0.00;40117.73;254.39;4.77;30.25;0.22;3.54
ip-10-227-0-12.us-west-1.compute.internal;60;1439880843;xvdb;0.00;0.00;0.00;0.00;0.00;0.00;0.00;0.00
ip-10-227-0-12.us-west-1.compute.internal;60;1439880843;xvdc;0.00;0.00;0.00;0.00;0.00;0.00;0.00;0.00
ip-10-227-0-12.us-west-1.compute.internal;60;1439880843;xvdd;0.00;0.00;0.00;0.00;0.00;0.00;0.00;0.00
ip-10-227-0-12.us-west-1.compute.internal;60;1439880843;xvde;0.00;0.00;0.00;0.00;0.00;0.00;0.00;0.00
ip-10-227-0-12.us-west-1.compute.internal;60;1439880843;xvdf;0.00;0.00;0.00;0.00;0.00;0.00;0.00;0.00
ip-10-227-0-12.us-west-1.compute.internal;60;1439880843;xvdg;0.00;0.00;0.00;0.00;0.00;0.00;0.00;0.00
ip-10-227-0-12.us-west-1.compute.internal;60;1439880843;xvdh;0.00;0.00;0.00;0.00;0.00;0.00;0.00;0.00
ip-10-227-0-12.us-west-1.compute.internal;60;1439880843;xvdi;0.00;0.00;0.00;0.00;0.00;0.00;0.00;0.00
ip-10-227-0-12.us-west-1.compute.internal;60;1439880903;xvda;177.43;0.00;45234.85;254.94;4.98;28.09;0.21;3.68
ip-10-227-0-12.us-west-1.compute.internal;60;1439880903;xvdb;0.00;0.00;0.00;0.00;0.00;0.00;0.00;0.00
ip-10-227-0-12.us-west-1.compute.internal;60;1439880903;xvdc;0.00;0.00;0.00;0.00;0.00;0.00;0.00;0.00
ip-10-227-0-12.us-west-1.compute.internal;60;1439880903;xvdd;0.00;0.00;0.00;0.00;0.00;0.00;0.00;0.00
ip-10-227-0-12.us-west-1.compute.internal;60;1439880903;xvde;0.00;0.00;0.00;0.00;0.00;0.00;0.00;0.00
ip-10-227-0-12.us-west-1.compute.internal;60;1439880903;xvdf;0.00;0.00;0.00;0.00;0.00;0.00;0.00;0.00
ip-10-227-0-12.us-west-1.compute.internal;60;1439880903;xvdg;0.00;0.00;0.00;0.00;0.00;0.00;0.00;0.00
ip-10-227-0-12.us-west-1.compute.internal;60;1439880903;xvdh;0.00;0.00;0.00;0.00;0.00;0.00;0.00;0.00
ip-10-227-0-12.us-west-1.compute.internal;60;1439880903;xvdi;0.00;0.00;0.00;0.00;0.00;0.00;0.00;0.00
ip-10-227-0-12.us-west-1.compute.internal;60;1439880963;xvda;215.87;0.00;55064.68;255.09;7.41;34.35;0.25;5.39
ip-10-227-0-12.us-west-1.compute.internal;60;1439880963;xvdb;0.00;0.00;0.00;0.00;0.00;0.00;0.00;0.00
ip-10-227-0-12.us-west-1.compute.internal;60;1439880963;xvdc;0.00;0.00;0.00;0.00;0.00;0.00;0.00;0.00
ip-10-227-0-12.us-west-1.compute.internal;60;1439880963;xvdd;0.00;0.00;0.00;0.00;0.00;0.00;0.00;0.00
ip-10-227-0-12.us-west-1.compute.internal;60;1439880963;xvde;0.00;0.00;0.00;0.00;0.00;0.00;0.00;0.00
ip-10-227-0-12.us-west-1.compute.internal;60;1439880963;xvdf;0.00;0.00;0.00;0.00;0.00;0.00;0.00;0.00
ip-10-227-0-12.us-west-1.compute.internal;60;1439880963;xvdg;0.00;0.00;0.00;0.00;0.00;0.00;0.00;0.00
ip-10-227-0-12.us-west-1.compute.internal;60;1439880963;xvdh;0.00;0.00;0.00;0.00;0.00;0.00;0.00;0.00
ip-10-227-0-12.us-west-1.compute.internal;60;1439880963;xvdi;0.00;0.00;0.00;0.00;0.00;0.00;0.00;0.00
ip-10-227-0-12.us-west-1.compute.internal;60;1439881023;xvda;195.92;0.00;49959.62;255.00;5.92;30.21;0.22;4.31
ip-10-227-0-12.us-west-1.compute.internal;60;1439881023;xvdb;0.00;0.00;0.00;0.00;0.00;0.00;0.00;0.00
ip-10-227-0-12.us-west-1.compute.internal;60;1439881023;xvdc;0.00;0.00;0.00;0.00;0.00;0.00;0.00;0.00
ip-10-227-0-12.us-west-1.compute.internal;60;1439881023;xvdd;0.00;0.00;0.00;0.00;0.00;0.00;0.00;0.00
ip-10-227-0-12.us-west-1.compute.internal;60;1439881023;xvde;0.00;0.00;0.00;0.00;0.00;0.00;0.00;0.00
ip-10-227-0-12.us-west-1.compute.internal;60;1439881023;xvdf;0.00;0.00;0.00;0.00;0.00;0.00;0.00;0.00
ip-10-227-0-12.us-west-1.compute.internal;60;1439881023;xvdg;0.00;0.00;0.00;0.00;0.00;0.00;0.00;0.00
ip-10-227-0-12.us-west-1.compute.internal;60;1439881023;xvdh;0.00;0.00;0.00;0.00;0.00;0.00;0.00;0.00
ip-10-227-0-12.us-west-1.compute.internal;60;1439881023;xvdi;0.00;0.00;0.00;0.00;0.00;0.00;0.00;0.00
ip-10-227-0-12.us-west-1.compute.internal;60;1439881083;xvda;188.83;0.00;48131.32;254.89;5.96;31.59;0.24;4.47
ip-10-227-0-12.us-west-1.compute.internal;60;1439881083;xvdb;0.00;0.00;0.00;0.00;0.00;0.00;0.00;0.00
ip-10-227-0-12.us-west-1.compute.internal;60;1439881083;xvdc;0.00;0.00;0.00;0.00;0.00;0.00;0.00;0.00
ip-10-227-0-12.us-west-1.compute.internal;60;1439881083;xvdd;0.00;0.00;0.00;0.00;0.00;0.00;0.00;0.00
ip-10-227-0-12.us-west-1.compute.internal;60;1439881083;xvde;0.00;0.00;0.00;0.00;0.00;0.00;0.00;0.00
ip-10-227-0-12.us-west-1.compute.internal;60;1439881083;xvdf;0.00;0.00;0.00;0.00;0.00;0.00;0.00;0.00
ip-10-227-0-12.us-west-1.compute.internal;60;1439881083;xvdg;0.00;0.00;0.00;0.00;0.00;0.00;0.00;0.00
ip-10-227-0-12.us-west-1.compute.internal;60;1439881083;xvdh;0.00;0.00;0.00;0.00;0.00;0.00;0.00;0.00
ip-10-227-0-12.us-west-1.compute.internal;60;1439881083;xvdi;0.00;0.00;0.00;0.00;0.00;0.00;0.00;0.00
ip-10-227-0-12.us-west-1.compute.internal;60;1439881143;xvda;362.27;0.00;92478.18;255.28;13.73;37.91;0.27;9.89
ip-10-227-0-12.us-west-1.compute.internal;60;1439881143;xvdb;0.00;0.00;0.00;0.00;0.00;0.00;0.00;0.00
ip-10-227-0-12.us-west-1.compute.internal;60;1439881143;xvdc;0.00;0.00;0.00;0.00;0.00;0.00;0.00;0.00
ip-10-227-0-12.us-west-1.compute.internal;60;1439881143;xvdd;0.00;0.00;0.00;0.00;0.00;0.00;0.00;0.00
ip-10-227-0-12.us-west-1.compute.internal;60;1439881143;xvde;0.00;0.00;0.00;0.00;0.00;0.00;0.00;0.00
ip-10-227-0-12.us-west-1.compute.internal;60;1439881143;xvdf;0.00;0.00;0.00;0.00;0.00;0.00;0.00;0.00
ip-10-227-0-12.us-west-1.compute.internal;60;1439881143;xvdg;0.00;0.00;0.00;0.00;0.00;0.00;0.00;0.00
ip-10-227-0-12.us-west-1.compute.internal;60;1439881143;xvdh;0.00;0.00;0.00;0.00;0.00;0.00;0.00;0.00
ip-10-227-0-12.us-west-1.compute.internal;60;1439881143;xvdi;0.00;0.00;0.00;0.00;0.00;0.00;0.00;0.00
ip-10-227-0-12.us-west-1.compute.internal;60;1439881203;xvda;569.13;0.00;145323.35;255.34;24.91;43.78;0.31;17.82
ip-10-227-0-12.us-west-1.compute.internal;60;1439881203;xvdb;0.00;0.00;0.00;0.00;0.00;0.00;0.00;0.00
ip-10-227-0-12.us-west-1.compute.internal;60;1439881203;xvdc;0.00;0.00;0.00;0.00;0.00;0.00;0.00;0.00
ip-10-227-0-12.us-west-1.compute.internal;60;1439881203;xvdd;0.00;0.00;0.00;0.00;0.00;0.00;0.00;0.00
ip-10-227-0-12.us-west-1.compute.internal;60;1439881203;xvde;0.00;0.00;0.00;0.00;0.00;0.00;0.00;0.00
ip-10-227-0-12.us-west-1.compute.internal;60;1439881203;xvdf;0.00;0.00;0.00;0.00;0.00;0.00;0.00;0.00
ip-10-227-0-12.us-west-1.compute.internal;60;1439881203;xvdg;0.00;0.00;0.00;0.00;0.00;0.00;0.00;0.00
ip-10-227-0-12.us-west-1.compute.internal;60;1439881203;xvdh;0.00;0.00;0.00;0.00;0.00;0.00;0.00;0.00
ip-10-227-0-12.us-west-1.compute.internal;60;1439881203;xvdi;0.00;0.00;0.00;0.00;0.00;0.00;0.00;0.00
ip-10-227-0-12.us-west-1.compute.internal;60;1439881263;xvda;462.72;21.07;117961.15;254.98;21.11;45.62;0.33;15.08
ip-10-227-0-12.us-west-1.compute.internal;60;1439881263;xvdb;0.00;0.00;0.00;0.00;0.00;0.00;0.00;0.00
ip-10-227-0-12.us-west-1.compute.internal;60;1439881263;xvdc;0.00;0.00;0.00;0.00;0.00;0.00;0.00;0.00
ip-10-227-0-12.us-west-1.compute.internal;60;1439881263;xvdd;0.00;0.00;0.00;0.00;0.00;0.00;0.00;0.00
ip-10-227-0-12.us-west-1.compute.internal;60;1439881263;xvde;0.00;0.00;0.00;0.00;0.00;0.00;0.00;0.00
ip-10-227-0-12.us-west-1.compute.internal;60;1439881263;xvdf;0.00;0.00;0.00;0.00;0.00;0.00;0.00;0.00
ip-10-227-0-12.us-west-1.compute.internal;60;1439881263;xvdg;0.00;0.00;0.00;0.00;0.00;0.00;0.00;0.00
ip-10-227-0-12.us-west-1.compute.internal;60;1439881263;xvdh;0.00;0.00;0.00;0.00;0.00;0.00;0.00;0.00
ip-10-227-0-12.us-west-1.compute.internal;60;1439881263;xvdi;0.00;0.00;0.00;0.00;0.00;0.00;0.00;0.00
ip-10-227-0-12.us-west-1.compute.internal;60;1439881323;xvda;591.23;0.00;151022.95;255.44;25.42;43.00;0.31;18.32
ip-10-227-0-12.us-west-1.compute.internal;60;1439881323;xvdb;0.00;0.00;0.00;0.00;0.00;0.00;0.00;0.00
ip-10-227-0-12.us-west-1.compute.internal;60;1439881323;xvdc;0.00;0.00;0.00;0.00;0.00;0.00;0.00;0.00
ip-10-227-0-12.us-west-1.compute.internal;60;1439881323;xvdd;0.00;0.00;0.00;0.00;0.00;0.00;0.00;0.00
ip-10-227-0-12.us-west-1.compute.internal;60;1439881323;xvde;0.00;0.00;0.00;0.00;0.00;0.00;0.00;0.00
ip-10-227-0-12.us-west-1.compute.internal;60;1439881323;xvdf;0.00;0.00;0.00;0.00;0.00;0.00;0.00;0.00
ip-10-227-0-12.us-west-1.compute.internal;60;1439881323;xvdg;0.00;0.00;0.00;0.00;0.00;0.00;0.00;0.00
ip-10-227-0-12.us-west-1.compute.internal;60;1439881323;xvdh;0.00;0.00;0.00;0.00;0.00;0.00;0.00;0.00
ip-10-227-0-12.us-west-1.compute.internal;60;1439881323;xvdi;0.00;0.00;0.00;0.00;0.00;0.00;0.00;0.00
ip-10-227-0-12.us-west-1.compute.internal;60;1439881383;xvda;456.75;0.00;116647.15;255.39;20.12;44.05;0.31;14.35
ip-10-227-0-12.us-west-1.compute.internal;60;1439881383;xvdb;0.00;0.00;0.00;0.00;0.00;0.00;0.00;0.00
ip-10-227-0-12.us-west-1.compute.internal;60;1439881383;xvdc;0.00;0.00;0.00;0.00;0.00;0.00;0.00;0.00
ip-10-227-0-12.us-west-1.compute.internal;60;1439881383;xvdd;0.00;0.00;0.00;0.00;0.00;0.00;0.00;0.00
ip-10-227-0-12.us-west-1.compute.internal;60;1439881383;xvde;0.00;0.00;0.00;0.00;0.00;0.00;0.00;0.00
ip-10-227-0-12.us-west-1.compute.internal;60;1439881383;xvdf;0.00;0.00;0.00;0.00;0.00;0.00;0.00;0.00
ip-10-227-0-12.us-west-1.compute.internal;60;1439881383;xvdg;0.00;0.00;0.00;0.00;0.00;0.00;0.00;0.00
ip-10-227-0-12.us-west-1.compute.internal;60;1439881383;xvdh;0.00;0.00;0.00;0.00;0.00;0.00;0.00;0.00
ip-10-227-0-12.us-west-1.compute.internal;60;1439881383;xvdi;0.00;0.00;0.00;0.00;0.00;0.00;0.00;0.00
ip-10-227-0-12.us-west-1.compute.internal;60;1439881443;xvda;456.87;0.00;116488.85;254.97;20.02;43.82;0.32;14.39
ip-10-227-0-12.us-west-1.compute.internal;60;1439881443;xvdb;0.00;0.00;0.00;0.00;0.00;0.00;0.00;0.00
ip-10-227-0-12.us-west-1.compute.internal;60;1439881443;xvdc;0.00;0.00;0.00;0.00;0.00;0.00;0.00;0.00
ip-10-227-0-12.us-west-1.compute.internal;60;1439881443;xvdd;0.00;0.00;0.00;0.00;0.00;0.00;0.00;0.00
ip-10-227-0-12.us-west-1.compute.internal;60;1439881443;xvde;0.00;0.00;0.00;0.00;0.00;0.00;0.00;0.00
ip-10-227-0-12.us-west-1.compute.internal;60;1439881443;xvdf;0.00;0.00;0.00;0.00;0.00;0.00;0.00;0.00
ip-10-227-0-12.us-west-1.compute.internal;60;1439881443;xvdg;0.00;0.00;0.00;0.00;0.00;0.00;0.00;0.00
ip-10-227-0-12.us-west-1.compute.internal;60;1439881443;xvdh;0.00;0.00;0.00;0.00;0.00;0.00;0.00;0.00
ip-10-227-0-12.us-west-1.compute.internal;60;1439881443;xvdi;0.00;0.00;0.00;0.00;0.00;0.00;0.00;0.00
ip-10-227-0-12.us-west-1.compute.internal;60;1439881503;xvda;550.67;0.00;140580.18;255.29;24.89;45.19;0.32;17.65
ip-10-227-0-12.us-west-1.compute.internal;60;1439881503;xvdb;0.00;0.00;0.00;0.00;0.00;0.00;0.00;0.00
ip-10-227-0-12.us-west-1.compute.internal;60;1439881503;xvdc;0.00;0.00;0.00;0.00;0.00;0.00;0.00;0.00
ip-10-227-0-12.us-west-1.compute.internal;60;1439881503;xvdd;0.00;0.00;0.00;0.00;0.00;0.00;0.00;0.00
ip-10-227-0-12.us-west-1.compute.internal;60;1439881503;xvde;0.00;0.00;0.00;0.00;0.00;0.00;0.00;0.00
ip-10-227-0-12.us-west-1.compute.internal;60;1439881503;xvdf;0.00;0.00;0.00;0.00;0.00;0.00;0.00;0.00
ip-10-227-0-12.us-west-1.compute.internal;60;1439881503;xvdg;0.00;0.00;0.00;0.00;0.00;0.00;0.00;0.00
ip-10-227-0-12.us-west-1.compute.internal;60;1439881503;xvdh;0.00;0.00;0.00;0.00;0.00;0.00;0.00;0.00
ip-10-227-0-12.us-west-1.compute.internal;60;1439881503;xvdi;0.00;0.00;0.00;0.00;0.00;0.00;0.00;0.00
ip-10-227-0-12.us-west-1.compute.internal;60;1439881563;xvda;47.32;0.00;11677.25;246.79;0.68;14.41;0.11;0.53
ip-10-227-0-12.us-west-1.compute.internal;60;1439881563;xvdb;0.00;0.00;0.00;0.00;0.00;0.00;0.00;0.00
ip-10-227-0-12.us-west-1.compute.internal;60;1439881563;xvdc;0.00;0.00;0.00;0.00;0.00;0.00;0.00;0.00
ip-10-227-0-12.us-west-1.compute.internal;60;1439881563;xvdd;0.00;0.00;0.00;0.00;0.00;0.00;0.00;0.00
ip-10-227-0-12.us-west-1.compute.internal;60;1439881563;xvde;0.00;0.00;0.00;0.00;0.00;0.00;0.00;0.00
ip-10-227-0-12.us-west-1.compute.internal;60;1439881563;xvdf;0.00;0.00;0.00;0.00;0.00;0.00;0.00;0.00
ip-10-227-0-12.us-west-1.compute.internal;60;1439881563;xvdg;0.00;0.00;0.00;0.00;0.00;0.00;0.00;0.00
ip-10-227-0-12.us-west-1.compute.internal;60;1439881563;xvdh;0.00;0.00;0.00;0.00;0.00;0.00;0.00;0.00
ip-10-227-0-12.us-west-1.compute.internal;60;1439881563;xvdi;0.00;0.00;0.00;0.00;0.00;0.00;0.00;0.00
ip-10-227-0-12.us-west-1.compute.internal;60;1439881623;xvda;45.57;0.00;11533.30;253.11;0.64;14.16;0.11;0.52
ip-10-227-0-12.us-west-1.compute.internal;60;1439881623;xvdb;0.00;0.00;0.00;0.00;0.00;0.00;0.00;0.00
ip-10-227-0-12.us-west-1.compute.internal;60;1439881623;xvdc;0.00;0.00;0.00;0.00;0.00;0.00;0.00;0.00
ip-10-227-0-12.us-west-1.compute.internal;60;1439881623;xvdd;0.00;0.00;0.00;0.00;0.00;0.00;0.00;0.00
ip-10-227-0-12.us-west-1.compute.internal;60;1439881623;xvde;0.00;0.00;0.00;0.00;0.00;0.00;0.00;0.00
ip-10-227-0-12.us-west-1.compute.internal;60;1439881623;xvdf;0.00;0.00;0.00;0.00;0.00;0.00;0.00;0.00
ip-10-227-0-12.us-west-1.compute.internal;60;1439881623;xvdg;0.00;0.00;0.00;0.00;0.00;0.00;0.00;0.00
ip-10-227-0-12.us-west-1.compute.internal;60;1439881623;xvdh;0.00;0.00;0.00;0.00;0.00;0.00;0.00;0.00
ip-10-227-0-12.us-west-1.compute.internal;60;1439881623;xvdi;0.00;0.00;0.00;0.00;0.00;0.00;0.00;0.00
ip-10-227-0-12.us-west-1.compute.internal;60;1439881683;xvda;42.97;0.27;10828.48;252.03;0.60;13.95;0.11;0.47
ip-10-227-0-12.us-west-1.compute.internal;60;1439881683;xvdb;0.00;0.00;0.00;0.00;0.00;0.00;0.00;0.00
ip-10-227-0-12.us-west-1.compute.internal;60;1439881683;xvdc;0.00;0.00;0.00;0.00;0.00;0.00;0.00;0.00
ip-10-227-0-12.us-west-1.compute.internal;60;1439881683;xvdd;0.00;0.00;0.00;0.00;0.00;0.00;0.00;0.00
ip-10-227-0-12.us-west-1.compute.internal;60;1439881683;xvde;0.00;0.00;0.00;0.00;0.00;0.00;0.00;0.00
ip-10-227-0-12.us-west-1.compute.internal;60;1439881683;xvdf;0.00;0.00;0.00;0.00;0.00;0.00;0.00;0.00
ip-10-227-0-12.us-west-1.compute.internal;60;1439881683;xvdg;0.00;0.00;0.00;0.00;0.00;0.00;0.00;0.00
ip-10-227-0-12.us-west-1.compute.internal;60;1439881683;xvdh;0.00;0.00;0.00;0.00;0.00;0.00;0.00;0.00
ip-10-227-0-12.us-west-1.compute.internal;60;1439881683;xvdi;0.00;0.00;0.00;0.00;0.00;0.00;0.00;0.00
ip-10-227-0-12.us-west-1.compute.internal;60;1439881743;xvda;44.47;0.53;11132.38;250.37;0.63;14.19;0.11;0.51
ip-10-227-0-12.us-west-1.compute.internal;60;1439881743;xvdb;0.00;0.00;0.00;0.00;0.00;0.00;0.00;0.00
ip-10-227-0-12.us-west-1.compute.internal;60;1439881743;xvdc;0.00;0.00;0.00;0.00;0.00;0.00;0.00;0.00
ip-10-227-0-12.us-west-1.compute.internal;60;1439881743;xvdd;0.00;0.00;0.00;0.00;0.00;0.00;0.00;0.00
ip-10-227-0-12.us-west-1.compute.internal;60;1439881743;xvde;0.00;0.00;0.00;0.00;0.00;0.00;0.00;0.00
ip-10-227-0-12.us-west-1.compute.internal;60;1439881743;xvdf;0.00;0.00;0.00;0.00;0.00;0.00;0.00;0.00
ip-10-227-0-12.us-west-1.compute.internal;60;1439881743;xvdg;0.00;0.00;0.00;0.00;0.00;0.00;0.00;0.00
ip-10-227-0-12.us-west-1.compute.internal;60;1439881743;xvdh;0.00;0.00;0.00;0.00;0.00;0.00;0.00;0.00
ip-10-227-0-12.us-west-1.compute.internal;60;1439881743;xvdi;0.00;0.00;0.00;0.00;0.00;0.00;0.00;0.00
ip-10-227-0-12.us-west-1.compute.internal;60;1439881803;xvda;30.40;0.00;7611.72;250.39;0.42;13.92;0.11;0.34
ip-10-227-0-12.us-west-1.compute.internal;60;1439881803;xvdb;0.00;0.00;0.00;0.00;0.00;0.00;0.00;0.00
ip-10-227-0-12.us-west-1.compute.internal;60;1439881803;xvdc;0.00;0.00;0.00;0.00;0.00;0.00;0.00;0.00
ip-10-227-0-12.us-west-1.compute.internal;60;1439881803;xvdd;0.00;0.00;0.00;0.00;0.00;0.00;0.00;0.00
ip-10-227-0-12.us-west-1.compute.internal;60;1439881803;xvde;0.00;0.00;0.00;0.00;0.00;0.00;0.00;0.00
ip-10-227-0-12.us-west-1.compute.internal;60;1439881803;xvdf;0.00;0.00;0.00;0.00;0.00;0.00;0.00;0.00
ip-10-227-0-12.us-west-1.compute.internal;60;1439881803;xvdg;0.00;0.00;0.00;0.00;0.00;0.00;0.00;0.00
ip-10-227-0-12.us-west-1.compute.internal;60;1439881803;xvdh;0.00;0.00;0.00;0.00;0.00;0.00;0.00;0.00
ip-10-227-0-12.us-west-1.compute.internal;60;1439881803;xvdi;0.00;0.00;0.00;0.00;0.00;0.00;0.00;0.00
ip-10-227-0-12.us-west-1.compute.internal;60;1439881863;xvda;49.02;85.07;11861.42;243.72;0.67;13.62;0.13;0.66
ip-10-227-0-12.us-west-1.compute.internal;60;1439881863;xvdb;0.00;0.00;0.00;0.00;0.00;0.00;0.00;0.00
ip-10-227-0-12.us-west-1.compute.internal;60;1439881863;xvdc;0.00;0.00;0.00;0.00;0.00;0.00;0.00;0.00
ip-10-227-0-12.us-west-1.compute.internal;60;1439881863;xvdd;0.00;0.00;0.00;0.00;0.00;0.00;0.00;0.00
ip-10-227-0-12.us-west-1.compute.internal;60;1439881863;xvde;0.00;0.00;0.00;0.00;0.00;0.00;0.00;0.00
ip-10-227-0-12.us-west-1.compute.internal;60;1439881863;xvdf;0.00;0.00;0.00;0.00;0.00;0.00;0.00;0.00
ip-10-227-0-12.us-west-1.compute.internal;60;1439881863;xvdg;0.00;0.00;0.00;0.00;0.00;0.00;0.00;0.00
ip-10-227-0-12.us-west-1.compute.internal;60;1439881863;xvdh;0.00;0.00;0.00;0.00;0.00;0.00;0.00;0.00
ip-10-227-0-12.us-west-1.compute.internal;60;1439881863;xvdi;0.00;0.00;0.00;0.00;0.00;0.00;0.00;0.00
ip-10-227-0-12.us-west-1.compute.internal;60;1439881923;xvda;50.68;0.13;12802.27;252.60;0.79;15.64;0.12;0.60
ip-10-227-0-12.us-west-1.compute.internal;60;1439881923;xvdb;0.00;0.00;0.00;0.00;0.00;0.00;0.00;0.00
ip-10-227-0-12.us-west-1.compute.internal;60;1439881923;xvdc;0.00;0.00;0.00;0.00;0.00;0.00;0.00;0.00
ip-10-227-0-12.us-west-1.compute.internal;60;1439881923;xvdd;0.00;0.00;0.00;0.00;0.00;0.00;0.00;0.00
ip-10-227-0-12.us-west-1.compute.internal;60;1439881923;xvde;0.00;0.00;0.00;0.00;0.00;0.00;0.00;0.00
ip-10-227-0-12.us-west-1.compute.internal;60;1439881923;xvdf;0.00;0.00;0.00;0.00;0.00;0.00;0.00;0.00
ip-10-227-0-12.us-west-1.compute.internal;60;1439881923;xvdg;0.00;0.00;0.00;0.00;0.00;0.00;0.00;0.00
ip-10-227-0-12.us-west-1.compute.internal;60;1439881923;xvdh;0.00;0.00;0.00;0.00;0.00;0.00;0.00;0.00
ip-10-227-0-12.us-west-1.compute.internal;60;1439881923;xvdi;0.00;0.00;0.00;0.00;0.00;0.00;0.00;0.00
ip-10-227-0-12.us-west-1.compute.internal;60;1439881983;xvda;43.58;0.00;11016.73;252.77;0.65;15.01;0.12;0.50
ip-10-227-0-12.us-west-1.compute.internal;60;1439881983;xvdb;0.00;0.00;0.00;0.00;0.00;0.00;0.00;0.00
ip-10-227-0-12.us-west-1.compute.internal;60;1439881983;xvdc;0.00;0.00;0.00;0.00;0.00;0.00;0.00;0.00
ip-10-227-0-12.us-west-1.compute.internal;60;1439881983;xvdd;0.00;0.00;0.00;0.00;0.00;0.00;0.00;0.00
ip-10-227-0-12.us-west-1.compute.internal;60;1439881983;xvde;0.00;0.00;0.00;0.00;0.00;0.00;0.00;0.00
ip-10-227-0-12.us-west-1.compute.internal;60;1439881983;xvdf;0.00;0.00;0.00;0.00;0.00;0.00;0.00;0.00
ip-10-227-0-12.us-west-1.compute.internal;60;1439881983;xvdg;0.00;0.00;0.00;0.00;0.00;0.00;0.00;0.00
ip-10-227-0-12.us-west-1.compute.internal;60;1439881983;xvdh;0.00;0.00;0.00;0.00;0.00;0.00;0.00;0.00
ip-10-227-0-12.us-west-1.compute.internal;60;1439881983;xvdi;0.00;0.00;0.00;0.00;0.00;0.00;0.00;0.00
ip-10-227-0-12.us-west-1.compute.internal;60;1439882043;xvda;360.60;0.53;92034.63;255.23;15.57;43.18;0.31;11.26
ip-10-227-0-12.us-west-1.compute.internal;60;1439882043;xvdb;0.00;0.00;0.00;0.00;0.00;0.00;0.00;0.00
ip-10-227-0-12.us-west-1.compute.internal;60;1439882043;xvdc;0.00;0.00;0.00;0.00;0.00;0.00;0.00;0.00
ip-10-227-0-12.us-west-1.compute.internal;60;1439882043;xvdd;0.00;0.00;0.00;0.00;0.00;0.00;0.00;0.00
ip-10-227-0-12.us-west-1.compute.internal;60;1439882043;xvde;0.00;0.00;0.00;0.00;0.00;0.00;0.00;0.00
ip-10-227-0-12.us-west-1.compute.internal;60;1439882043;xvdf;0.00;0.00;0.00;0.00;0.00;0.00;0.00;0.00
ip-10-227-0-12.us-west-1.compute.internal;60;1439882043;xvdg;0.00;0.00;0.00;0.00;0.00;0.00;0.00;0.00
ip-10-227-0-12.us-west-1.compute.internal;60;1439882043;xvdh;0.00;0.00;0.00;0.00;0.00;0.00;0.00;0.00
ip-10-227-0-12.us-west-1.compute.internal;60;1439882043;xvdi;0.00;0.00;0.00;0.00;0.00;0.00;0.00;0.00
ip-10-227-0-12.us-west-1.compute.internal;60;1439882103;xvda;187.73;0.00;47797.40;254.60;7.65;40.73;0.29;5.50
ip-10-227-0-12.us-west-1.compute.internal;60;1439882103;xvdb;0.00;0.00;0.00;0.00;0.00;0.00;0.00;0.00
ip-10-227-0-12.us-west-1.compute.internal;60;1439882103;xvdc;0.00;0.00;0.00;0.00;0.00;0.00;0.00;0.00
ip-10-227-0-12.us-west-1.compute.internal;60;1439882103;xvdd;0.00;0.00;0.00;0.00;0.00;0.00;0.00;0.00
ip-10-227-0-12.us-west-1.compute.internal;60;1439882103;xvde;0.00;0.00;0.00;0.00;0.00;0.00;0.00;0.00
ip-10-227-0-12.us-west-1.compute.internal;60;1439882103;xvdf;0.00;0.00;0.00;0.00;0.00;0.00;0.00;0.00
ip-10-227-0-12.us-west-1.compute.internal;60;1439882103;xvdg;0.00;0.00;0.00;0.00;0.00;0.00;0.00;0.00
ip-10-227-0-12.us-west-1.compute.internal;60;1439882103;xvdh;0.00;0.00;0.00;0.00;0.00;0.00;0.00;0.00
ip-10-227-0-12.us-west-1.compute.internal;60;1439882103;xvdi;0.00;0.00;0.00;0.00;0.00;0.00;0.00;0.00
ip-10-227-0-12.us-west-1.compute.internal;60;1439882163;xvda;370.37;0.00;94575.02;255.36;16.29;44.00;0.31;11.65
ip-10-227-0-12.us-west-1.compute.internal;60;1439882163;xvdb;0.00;0.00;0.00;0.00;0.00;0.00;0.00;0.00
ip-10-227-0-12.us-west-1.compute.internal;60;1439882163;xvdc;0.00;0.00;0.00;0.00;0.00;0.00;0.00;0.00
ip-10-227-0-12.us-west-1.compute.internal;60;1439882163;xvdd;0.00;0.00;0.00;0.00;0.00;0.00;0.00;0.00
ip-10-227-0-12.us-west-1.compute.internal;60;1439882163;xvde;0.00;0.00;0.00;0.00;0.00;0.00;0.00;0.00
ip-10-227-0-12.us-west-1.compute.internal;60;1439882163;xvdf;0.00;0.00;0.00;0.00;0.00;0.00;0.00;0.00
ip-10-227-0-12.us-west-1.compute.internal;60;1439882163;xvdg;0.00;0.00;0.00;0.00;0.00;0.00;0.00;0.00
ip-10-227-0-12.us-west-1.compute.internal;60;1439882163;xvdh;0.00;0.00;0.00;0.00;0.00;0.00;0.00;0.00
ip-10-227-0-12.us-west-1.compute.internal;60;1439882163;xvdi;0.00;0.00;0.00;0.00;0.00;0.00;0.00;0.00
ip-10-227-0-12.us-west-1.compute.internal;60;1439882223;xvda;293.28;31.73;74822.13;255.23;12.12;41.34;0.30;8.71
ip-10-227-0-12.us-west-1.compute.internal;60;1439882223;xvdb;0.00;0.00;0.00;0.00;0.00;0.00;0.00;0.00
ip-10-227-0-12.us-west-1.compute.internal;60;1439882223;xvdc;0.00;0.00;0.00;0.00;0.00;0.00;0.00;0.00
ip-10-227-0-12.us-west-1.compute.internal;60;1439882223;xvdd;0.00;0.00;0.00;0.00;0.00;0.00;0.00;0.00
ip-10-227-0-12.us-west-1.compute.internal;60;1439882223;xvde;0.00;0.00;0.00;0.00;0.00;0.00;0.00;0.00
ip-10-227-0-12.us-west-1.compute.internal;60;1439882223;xvdf;0.00;0.00;0.00;0.00;0.00;0.00;0.00;0.00
ip-10-227-0-12.us-west-1.compute.internal;60;1439882223;xvdg;0.00;0.00;0.00;0.00;0.00;0.00;0.00;0.00
ip-10-227-0-12.us-west-1.compute.internal;60;1439882223;xvdh;0.00;0.00;0.00;0.00;0.00;0.00;0.00;0.00
ip-10-227-0-12.us-west-1.compute.internal;60;1439882223;xvdi;0.00;0.00;0.00;0.00;0.00;0.00;0.00;0.00
ip-10-227-0-12.us-west-1.compute.internal;60;1439882283;xvda;268.15;17.20;68337.07;254.91;11.05;41.21;0.30;8.00
ip-10-227-0-12.us-west-1.compute.internal;60;1439882283;xvdb;0.00;0.00;0.00;0.00;0.00;0.00;0.00;0.00
ip-10-227-0-12.us-west-1.compute.internal;60;1439882283;xvdc;0.00;0.00;0.00;0.00;0.00;0.00;0.00;0.00
ip-10-227-0-12.us-west-1.compute.internal;60;1439882283;xvdd;0.00;0.00;0.00;0.00;0.00;0.00;0.00;0.00
ip-10-227-0-12.us-west-1.compute.internal;60;1439882283;xvde;0.00;0.00;0.00;0.00;0.00;0.00;0.00;0.00
ip-10-227-0-12.us-west-1.compute.internal;60;1439882283;xvdf;0.00;0.00;0.00;0.00;0.00;0.00;0.00;0.00
ip-10-227-0-12.us-west-1.compute.internal;60;1439882283;xvdg;0.00;0.00;0.00;0.00;0.00;0.00;0.00;0.00
ip-10-227-0-12.us-west-1.compute.internal;60;1439882283;xvdh;0.00;0.00;0.00;0.00;0.00;0.00;0.00;0.00
ip-10-227-0-12.us-west-1.compute.internal;60;1439882283;xvdi;0.00;0.00;0.00;0.00;0.00;0.00;0.00;0.00
ip-10-227-0-12.us-west-1.compute.internal;60;1439882343;xvda;707.78;109734.80;61248.55;241.58;16.29;23.01;0.64;45.41
ip-10-227-0-12.us-west-1.compute.internal;60;1439882343;xvdb;0.00;0.00;0.00;0.00;0.00;0.00;0.00;0.00
ip-10-227-0-12.us-west-1.compute.internal;60;1439882343;xvdc;0.00;0.00;0.00;0.00;0.00;0.00;0.00;0.00
ip-10-227-0-12.us-west-1.compute.internal;60;1439882343;xvdd;0.00;0.00;0.00;0.00;0.00;0.00;0.00;0.00
ip-10-227-0-12.us-west-1.compute.internal;60;1439882343;xvde;0.00;0.00;0.00;0.00;0.00;0.00;0.00;0.00
ip-10-227-0-12.us-west-1.compute.internal;60;1439882343;xvdf;0.00;0.00;0.00;0.00;0.00;0.00;0.00;0.00
ip-10-227-0-12.us-west-1.compute.internal;60;1439882343;xvdg;0.00;0.00;0.00;0.00;0.00;0.00;0.00;0.00
ip-10-227-0-12.us-west-1.compute.internal;60;1439882343;xvdh;0.00;0.00;0.00;0.00;0.00;0.00;0.00;0.00
ip-10-227-0-12.us-west-1.compute.internal;60;1439882343;xvdi;0.00;0.00;0.00;0.00;0.00;0.00;0.00;0.00
ip-10-227-0-12.us-west-1.compute.internal;60;1439882403;xvda;195.12;49065.87;12.37;251.53;0.31;1.57;0.81;15.79
ip-10-227-0-12.us-west-1.compute.internal;60;1439882403;xvdb;0.00;0.00;0.00;0.00;0.00;0.00;0.00;0.00
ip-10-227-0-12.us-west-1.compute.internal;60;1439882403;xvdc;0.00;0.00;0.00;0.00;0.00;0.00;0.00;0.00
ip-10-227-0-12.us-west-1.compute.internal;60;1439882403;xvdd;0.00;0.00;0.00;0.00;0.00;0.00;0.00;0.00
ip-10-227-0-12.us-west-1.compute.internal;60;1439882403;xvde;0.00;0.00;0.00;0.00;0.00;0.00;0.00;0.00
ip-10-227-0-12.us-west-1.compute.internal;60;1439882403;xvdf;0.00;0.00;0.00;0.00;0.00;0.00;0.00;0.00
ip-10-227-0-12.us-west-1.compute.internal;60;1439882403;xvdg;0.00;0.00;0.00;0.00;0.00;0.00;0.00;0.00
ip-10-227-0-12.us-west-1.compute.internal;60;1439882403;xvdh;0.00;0.00;0.00;0.00;0.00;0.00;0.00;0.00
ip-10-227-0-12.us-west-1.compute.internal;60;1439882403;xvdi;0.00;0.00;0.00;0.00;0.00;0.00;0.00;0.00
ip-10-227-0-12.us-west-1.compute.internal;60;1439882463;xvda;0.70;0.00;9.92;14.17;0.00;0.83;0.24;0.02
ip-10-227-0-12.us-west-1.compute.internal;60;1439882463;xvdb;0.00;0.00;0.00;0.00;0.00;0.00;0.00;0.00
ip-10-227-0-12.us-west-1.compute.internal;60;1439882463;xvdc;0.00;0.00;0.00;0.00;0.00;0.00;0.00;0.00
ip-10-227-0-12.us-west-1.compute.internal;60;1439882463;xvdd;0.00;0.00;0.00;0.00;0.00;0.00;0.00;0.00
ip-10-227-0-12.us-west-1.compute.internal;60;1439882463;xvde;0.00;0.00;0.00;0.00;0.00;0.00;0.00;0.00
ip-10-227-0-12.us-west-1.compute.internal;60;1439882463;xvdf;0.00;0.00;0.00;0.00;0.00;0.00;0.00;0.00
ip-10-227-0-12.us-west-1.compute.internal;60;1439882463;xvdg;0.00;0.00;0.00;0.00;0.00;0.00;0.00;0.00
ip-10-227-0-12.us-west-1.compute.internal;60;1439882463;xvdh;0.00;0.00;0.00;0.00;0.00;0.00;0.00;0.00
ip-10-227-0-12.us-west-1.compute.internal;60;1439882463;xvdi;0.00;0.00;0.00;0.00;0.00;0.00;0.00;0.00
ip-10-227-0-12.us-west-1.compute.internal;60;1439882523;xvda;137.18;0.00;34959.32;254.84;4.77;34.79;0.25;3.49
ip-10-227-0-12.us-west-1.compute.internal;60;1439882523;xvdb;0.00;0.00;0.00;0.00;0.00;0.00;0.00;0.00
ip-10-227-0-12.us-west-1.compute.internal;60;1439882523;xvdc;0.00;0.00;0.00;0.00;0.00;0.00;0.00;0.00
ip-10-227-0-12.us-west-1.compute.internal;60;1439882523;xvdd;0.00;0.00;0.00;0.00;0.00;0.00;0.00;0.00
ip-10-227-0-12.us-west-1.compute.internal;60;1439882523;xvde;0.00;0.00;0.00;0.00;0.00;0.00;0.00;0.00
ip-10-227-0-12.us-west-1.compute.internal;60;1439882523;xvdf;0.00;0.00;0.00;0.00;0.00;0.00;0.00;0.00
ip-10-227-0-12.us-west-1.compute.internal;60;1439882523;xvdg;0.00;0.00;0.00;0.00;0.00;0.00;0.00;0.00
ip-10-227-0-12.us-west-1.compute.internal;60;1439882523;xvdh;0.00;0.00;0.00;0.00;0.00;0.00;0.00;0.00
ip-10-227-0-12.us-west-1.compute.internal;60;1439882523;xvdi;0.00;0.00;0.00;0.00;0.00;0.00;0.00;0.00
ip-10-227-0-12.us-west-1.compute.internal;60;1439882583;xvda;137.23;0.00;34959.77;254.75;4.82;35.15;0.26;3.51
ip-10-227-0-12.us-west-1.compute.internal;60;1439882583;xvdb;0.00;0.00;0.00;0.00;0.00;0.00;0.00;0.00
ip-10-227-0-12.us-west-1.compute.internal;60;1439882583;xvdc;0.00;0.00;0.00;0.00;0.00;0.00;0.00;0.00
ip-10-227-0-12.us-west-1.compute.internal;60;1439882583;xvdd;0.00;0.00;0.00;0.00;0.00;0.00;0.00;0.00
ip-10-227-0-12.us-west-1.compute.internal;60;1439882583;xvde;0.00;0.00;0.00;0.00;0.00;0.00;0.00;0.00
ip-10-227-0-12.us-west-1.compute.internal;60;1439882583;xvdf;0.00;0.00;0.00;0.00;0.00;0.00;0.00;0.00
ip-10-227-0-12.us-west-1.compute.internal;60;1439882583;xvdg;0.00;0.00;0.00;0.00;0.00;0.00;0.00;0.00
ip-10-227-0-12.us-west-1.compute.internal;60;1439882583;xvdh;0.00;0.00;0.00;0.00;0.00;0.00;0.00;0.00
ip-10-227-0-12.us-west-1.compute.internal;60;1439882583;xvdi;0.00;0.00;0.00;0.00;0.00;0.00;0.00;0.00
ip-10-227-0-12.us-west-1.compute.internal;60;1439882643;xvda;137.47;0.00;34965.03;254.35;4.87;35.40;0.26;3.58
ip-10-227-0-12.us-west-1.compute.internal;60;1439882643;xvdb;0.00;0.00;0.00;0.00;0.00;0.00;0.00;0.00
ip-10-227-0-12.us-west-1.compute.internal;60;1439882643;xvdc;0.00;0.00;0.00;0.00;0.00;0.00;0.00;0.00
ip-10-227-0-12.us-west-1.compute.internal;60;1439882643;xvdd;0.00;0.00;0.00;0.00;0.00;0.00;0.00;0.00
ip-10-227-0-12.us-west-1.compute.internal;60;1439882643;xvde;0.00;0.00;0.00;0.00;0.00;0.00;0.00;0.00
ip-10-227-0-12.us-west-1.compute.internal;60;1439882643;xvdf;0.00;0.00;0.00;0.00;0.00;0.00;0.00;0.00
ip-10-227-0-12.us-west-1.compute.internal;60;1439882643;xvdg;0.00;0.00;0.00;0.00;0.00;0.00;0.00;0.00
ip-10-227-0-12.us-west-1.compute.internal;60;1439882643;xvdh;0.00;0.00;0.00;0.00;0.00;0.00;0.00;0.00
ip-10-227-0-12.us-west-1.compute.internal;60;1439882643;xvdi;0.00;0.00;0.00;0.00;0.00;0.00;0.00;0.00
ip-10-227-0-12.us-west-1.compute.internal;60;1439882703;xvda;227.62;0.00;57966.90;254.67;8.51;37.40;0.27;6.18
ip-10-227-0-12.us-west-1.compute.internal;60;1439882703;xvdb;0.00;0.00;0.00;0.00;0.00;0.00;0.00;0.00
ip-10-227-0-12.us-west-1.compute.internal;60;1439882703;xvdc;0.00;0.00;0.00;0.00;0.00;0.00;0.00;0.00
ip-10-227-0-12.us-west-1.compute.internal;60;1439882703;xvdd;0.00;0.00;0.00;0.00;0.00;0.00;0.00;0.00
ip-10-227-0-12.us-west-1.compute.internal;60;1439882703;xvde;0.00;0.00;0.00;0.00;0.00;0.00;0.00;0.00
ip-10-227-0-12.us-west-1.compute.internal;60;1439882703;xvdf;0.00;0.00;0.00;0.00;0.00;0.00;0.00;0.00
ip-10-227-0-12.us-west-1.compute.internal;60;1439882703;xvdg;0.00;0.00;0.00;0.00;0.00;0.00;0.00;0.00
ip-10-227-0-12.us-west-1.compute.internal;60;1439882703;xvdh;0.00;0.00;0.00;0.00;0.00;0.00;0.00;0.00
ip-10-227-0-12.us-west-1.compute.internal;60;1439882703;xvdi;0.00;0.00;0.00;0.00;0.00;0.00;0.00;0.00
ip-10-227-0-12.us-west-1.compute.internal;60;1439882763;xvda;115.87;0.00;29516.28;254.74;3.72;32.09;0.24;2.74
ip-10-227-0-12.us-west-1.compute.internal;60;1439882763;xvdb;0.00;0.00;0.00;0.00;0.00;0.00;0.00;0.00
ip-10-227-0-12.us-west-1.compute.internal;60;1439882763;xvdc;0.00;0.00;0.00;0.00;0.00;0.00;0.00;0.00
ip-10-227-0-12.us-west-1.compute.internal;60;1439882763;xvdd;0.00;0.00;0.00;0.00;0.00;0.00;0.00;0.00
ip-10-227-0-12.us-west-1.compute.internal;60;1439882763;xvde;0.00;0.00;0.00;0.00;0.00;0.00;0.00;0.00
ip-10-227-0-12.us-west-1.compute.internal;60;1439882763;xvdf;0.00;0.00;0.00;0.00;0.00;0.00;0.00;0.00
ip-10-227-0-12.us-west-1.compute.internal;60;1439882763;xvdg;0.00;0.00;0.00;0.00;0.00;0.00;0.00;0.00
ip-10-227-0-12.us-west-1.compute.internal;60;1439882763;xvdh;0.00;0.00;0.00;0.00;0.00;0.00;0.00;0.00
ip-10-227-0-12.us-west-1.compute.internal;60;1439882763;xvdi;0.00;0.00;0.00;0.00;0.00;0.00;0.00;0.00
ip-10-227-0-12.us-west-1.compute.internal;60;1439882823;xvda;156.52;0.00;39904.65;254.95;5.90;37.68;0.27;4.25
ip-10-227-0-12.us-west-1.compute.internal;60;1439882823;xvdb;0.00;0.00;0.00;0.00;0.00;0.00;0.00;0.00
ip-10-227-0-12.us-west-1.compute.internal;60;1439882823;xvdc;0.00;0.00;0.00;0.00;0.00;0.00;0.00;0.00
ip-10-227-0-12.us-west-1.compute.internal;60;1439882823;xvdd;0.00;0.00;0.00;0.00;0.00;0.00;0.00;0.00
ip-10-227-0-12.us-west-1.compute.internal;60;1439882823;xvde;0.00;0.00;0.00;0.00;0.00;0.00;0.00;0.00
ip-10-227-0-12.us-west-1.compute.internal;60;1439882823;xvdf;0.00;0.00;0.00;0.00;0.00;0.00;0.00;0.00
ip-10-227-0-12.us-west-1.compute.internal;60;1439882823;xvdg;0.00;0.00;0.00;0.00;0.00;0.00;0.00;0.00
ip-10-227-0-12.us-west-1.compute.internal;60;1439882823;xvdh;0.00;0.00;0.00;0.00;0.00;0.00;0.00;0.00
ip-10-227-0-12.us-west-1.compute.internal;60;1439882823;xvdi;0.00;0.00;0.00;0.00;0.00;0.00;0.00;0.00
ip-10-227-0-12.us-west-1.compute.internal;60;1439882883;xvda;125.70;0.00;32026.80;254.79;4.24;33.70;0.25;3.10
ip-10-227-0-12.us-west-1.compute.internal;60;1439882883;xvdb;0.00;0.00;0.00;0.00;0.00;0.00;0.00;0.00
ip-10-227-0-12.us-west-1.compute.internal;60;1439882883;xvdc;0.00;0.00;0.00;0.00;0.00;0.00;0.00;0.00
ip-10-227-0-12.us-west-1.compute.internal;60;1439882883;xvdd;0.00;0.00;0.00;0.00;0.00;0.00;0.00;0.00
ip-10-227-0-12.us-west-1.compute.internal;60;1439882883;xvde;0.00;0.00;0.00;0.00;0.00;0.00;0.00;0.00
ip-10-227-0-12.us-west-1.compute.internal;60;1439882883;xvdf;0.00;0.00;0.00;0.00;0.00;0.00;0.00;0.00
ip-10-227-0-12.us-west-1.compute.internal;60;1439882883;xvdg;0.00;0.00;0.00;0.00;0.00;0.00;0.00;0.00
ip-10-227-0-12.us-west-1.compute.internal;60;1439882883;xvdh;0.00;0.00;0.00;0.00;0.00;0.00;0.00;0.00
ip-10-227-0-12.us-west-1.compute.internal;60;1439882883;xvdi;0.00;0.00;0.00;0.00;0.00;0.00;0.00;0.00
ip-10-227-0-12.us-west-1.compute.internal;60;1439882943;xvda;146.92;0.00;37448.80;254.90;5.34;36.34;0.27;3.90
ip-10-227-0-12.us-west-1.compute.internal;60;1439882943;xvdb;0.00;0.00;0.00;0.00;0.00;0.00;0.00;0.00
ip-10-227-0-12.us-west-1.compute.internal;60;1439882943;xvdc;0.00;0.00;0.00;0.00;0.00;0.00;0.00;0.00
ip-10-227-0-12.us-west-1.compute.internal;60;1439882943;xvdd;0.00;0.00;0.00;0.00;0.00;0.00;0.00;0.00
ip-10-227-0-12.us-west-1.compute.internal;60;1439882943;xvde;0.00;0.00;0.00;0.00;0.00;0.00;0.00;0.00
ip-10-227-0-12.us-west-1.compute.internal;60;1439882943;xvdf;0.00;0.00;0.00;0.00;0.00;0.00;0.00;0.00
ip-10-227-0-12.us-west-1.compute.internal;60;1439882943;xvdg;0.00;0.00;0.00;0.00;0.00;0.00;0.00;0.00
ip-10-227-0-12.us-west-1.compute.internal;60;1439882943;xvdh;0.00;0.00;0.00;0.00;0.00;0.00;0.00;0.00
ip-10-227-0-12.us-west-1.compute.internal;60;1439882943;xvdi;0.00;0.00;0.00;0.00;0.00;0.00;0.00;0.00
ip-10-227-0-12.us-west-1.compute.internal;60;1439883003;xvda;180.63;0.00;46027.35;254.81;7.18;39.76;0.29;5.16
ip-10-227-0-12.us-west-1.compute.internal;60;1439883003;xvdb;0.00;0.00;0.00;0.00;0.00;0.00;0.00;0.00
ip-10-227-0-12.us-west-1.compute.internal;60;1439883003;xvdc;0.00;0.00;0.00;0.00;0.00;0.00;0.00;0.00
ip-10-227-0-12.us-west-1.compute.internal;60;1439883003;xvdd;0.00;0.00;0.00;0.00;0.00;0.00;0.00;0.00
ip-10-227-0-12.us-west-1.compute.internal;60;1439883003;xvde;0.00;0.00;0.00;0.00;0.00;0.00;0.00;0.00
ip-10-227-0-12.us-west-1.compute.internal;60;1439883003;xvdf;0.00;0.00;0.00;0.00;0.00;0.00;0.00;0.00
ip-10-227-0-12.us-west-1.compute.internal;60;1439883003;xvdg;0.00;0.00;0.00;0.00;0.00;0.00;0.00;0.00
ip-10-227-0-12.us-west-1.compute.internal;60;1439883003;xvdh;0.00;0.00;0.00;0.00;0.00;0.00;0.00;0.00
ip-10-227-0-12.us-west-1.compute.internal;60;1439883003;xvdi;0.00;0.00;0.00;0.00;0.00;0.00;0.00;0.00
ip-10-227-0-12.us-west-1.compute.internal;60;1439883063;xvda;170.02;0.00;43341.58;254.93;5.49;32.30;0.23;3.98
ip-10-227-0-12.us-west-1.compute.internal;60;1439883063;xvdb;0.00;0.00;0.00;0.00;0.00;0.00;0.00;0.00
ip-10-227-0-12.us-west-1.compute.internal;60;1439883063;xvdc;0.00;0.00;0.00;0.00;0.00;0.00;0.00;0.00
ip-10-227-0-12.us-west-1.compute.internal;60;1439883063;xvdd;0.00;0.00;0.00;0.00;0.00;0.00;0.00;0.00
ip-10-227-0-12.us-west-1.compute.internal;60;1439883063;xvde;0.00;0.00;0.00;0.00;0.00;0.00;0.00;0.00
ip-10-227-0-12.us-west-1.compute.internal;60;1439883063;xvdf;0.00;0.00;0.00;0.00;0.00;0.00;0.00;0.00
ip-10-227-0-12.us-west-1.compute.internal;60;1439883063;xvdg;0.00;0.00;0.00;0.00;0.00;0.00;0.00;0.00
ip-10-227-0-12.us-west-1.compute.internal;60;1439883063;xvdh;0.00;0.00;0.00;0.00;0.00;0.00;0.00;0.00
ip-10-227-0-12.us-west-1.compute.internal;60;1439883063;xvdi;0.00;0.00;0.00;0.00;0.00;0.00;0.00;0.00
ip-10-227-0-12.us-west-1.compute.internal;60;1439883123;xvda;1282.27;1.33;327825.03;255.66;62.59;48.76;0.34;43.54
ip-10-227-0-12.us-west-1.compute.internal;60;1439883123;xvdb;0.00;0.00;0.00;0.00;0.00;0.00;0.00;0.00
ip-10-227-0-12.us-west-1.compute.internal;60;1439883123;xvdc;0.00;0.00;0.00;0.00;0.00;0.00;0.00;0.00
ip-10-227-0-12.us-west-1.compute.internal;60;1439883123;xvdd;0.00;0.00;0.00;0.00;0.00;0.00;0.00;0.00
ip-10-227-0-12.us-west-1.compute.internal;60;1439883123;xvde;0.00;0.00;0.00;0.00;0.00;0.00;0.00;0.00
ip-10-227-0-12.us-west-1.compute.internal;60;1439883123;xvdf;0.00;0.00;0.00;0.00;0.00;0.00;0.00;0.00
ip-10-227-0-12.us-west-1.compute.internal;60;1439883123;xvdg;0.00;0.00;0.00;0.00;0.00;0.00;0.00;0.00
ip-10-227-0-12.us-west-1.compute.internal;60;1439883123;xvdh;0.00;0.00;0.00;0.00;0.00;0.00;0.00;0.00
ip-10-227-0-12.us-west-1.compute.internal;60;1439883123;xvdi;0.00;0.00;0.00;0.00;0.00;0.00;0.00;0.00
